"Clé";"Ajouté en";"Secteur";"Nature";"Rattachement (clé)";"Rattachement (FR)";"Libellé FR";"Libellé EN";"Libellé DE";"Libellé ES";"Libellé IT";"Attributs suggérés";"Points de revue (FR)";"Avis (OK / À revoir / Retirer)";"Commentaire"
"core.process.govern";"1.0";"TRANSVERSAL";"Processus";"";"";"Piloter les activités et les risques";"Govern operations and risks";"Betrieb und Risiken steuern";"Dirigir actividades y riesgos";"Governare attività e rischi";"";"";"";""
"core.process.finance";"1.0";"TRANSVERSAL";"Processus";"";"";"Gérer les finances et les paiements";"Manage finance and payments";"Finanzen und Zahlungen verwalten";"Gestionar finanzas y pagos";"Gestire finanze e pagamenti";"";"";"";""
"core.process.people";"1.0";"TRANSVERSAL";"Processus";"";"";"Gérer les collaborateurs";"Manage people";"Personal verwalten";"Gestionar el personal";"Gestire il personale";"";"";"";""
"core.process.buy";"1.0";"TRANSVERSAL";"Processus";"";"";"Acheter et piloter les fournisseurs";"Buy and manage suppliers";"Beschaffung und Lieferanten steuern";"Comprar y gestionar proveedores";"Acquistare e gestire fornitori";"";"";"";""
"core.process.digital";"1.0";"TRANSVERSAL";"Processus";"";"";"Exploiter les systèmes et les données";"Operate systems and data";"Systeme und Daten betreiben";"Operar sistemas y datos";"Gestire sistemi e dati";"";"";"";""
"core.process.deliver";"1.0";"TRANSVERSAL";"Processus";"";"";"Fournir les produits ou services";"Deliver products or services";"Produkte oder Dienste bereitstellen";"Prestar productos o servicios";"Erogare prodotti o servizi";"";"";"";""
"core.risk.payment-fraud";"1.0";"TRANSVERSAL";"Risque (événement-type)";"core.process.finance";"Gérer les finances et les paiements";"Un paiement est détourné après usurpation d’identité";"A payment is diverted through impersonation";"Eine Zahlung wird durch Identitätsmissbrauch umgeleitet";"Un pago se desvía mediante suplantación de identidad";"Un pagamento viene dirottato tramite furto di identità";"";"";"";""
"core.risk.ransomware";"1.0";"TRANSVERSAL";"Risque (événement-type)";"core.process.digital";"Exploiter les systèmes et les données";"Un rançongiciel interrompt les activités essentielles";"Ransomware disrupts essential operations";"Ransomware unterbricht wesentliche Abläufe";"Un ransomware interrumpe operaciones esenciales";"Un ransomware interrompe le attività essenziali";"";"";"";""
"core.risk.supplier-outage";"1.0";"TRANSVERSAL";"Risque (événement-type)";"core.process.buy";"Acheter et piloter les fournisseurs";"Un fournisseur essentiel devient indisponible";"An essential supplier becomes unavailable";"Ein wesentlicher Lieferant fällt aus";"Un proveedor esencial deja de estar disponible";"Un fornitore essenziale diventa indisponibile";"";"";"";""
"core.risk.data-leak";"1.0";"TRANSVERSAL";"Risque (événement-type)";"core.process.digital";"Exploiter les systèmes et les données";"Des données sensibles sont divulguées";"Sensitive data is disclosed";"Vertrauliche Daten werden offengelegt";"Se divulgan datos sensibles";"Vengono divulgati dati sensibili";"";"";"";""
"core.risk.key-person";"1.0";"TRANSVERSAL";"Risque (événement-type)";"core.process.people";"Gérer les collaborateurs";"Une compétence clé devient indisponible sans relève";"A key skill becomes unavailable without backup";"Eine Schlüsselkompetenz fällt ohne Vertretung aus";"Falta una competencia clave sin sustitución";"Una competenza chiave manca senza sostituzione";"";"";"";""
"core.risk.process-error";"1.0";"TRANSVERSAL";"Risque (événement-type)";"core.process.deliver";"Fournir les produits ou services";"Une erreur de traitement affecte un service livré";"A processing error affects a delivered service";"Ein Bearbeitungsfehler beeinträchtigt eine Dienstleistung";"Un error de proceso afecta a un servicio prestado";"Un errore di processo compromette un servizio erogato";"";"";"";""
"core.process.govern.strategy";"1.1";"TRANSVERSAL";"Processus";"core.process.govern";"Piloter les activités et les risques";"Définir la stratégie et les objectifs";"Define strategy and objectives";"Strategie und Ziele festlegen";"Definir la estrategia y los objetivos";"Definire strategia e obiettivi";"";"";"";""
"core.process.govern.compliance";"1.1";"TRANSVERSAL";"Processus";"core.process.govern";"Piloter les activités et les risques";"Suivre les risques et la conformité";"Monitor risks and compliance";"Risiken und Compliance überwachen";"Supervisar riesgos y cumplimiento";"Monitorare rischi e conformità";"";"";"";""
"core.process.govern.crisis";"1.1";"TRANSVERSAL";"Processus";"core.process.govern";"Piloter les activités et les risques";"Gérer les incidents majeurs et les crises";"Handle major incidents and crises";"Schwere Vorfälle und Krisen bewältigen";"Gestionar incidentes graves y crisis";"Gestire incidenti gravi e crisi";"";"";"";""
"core.process.finance.accounting";"1.1";"TRANSVERSAL";"Processus";"core.process.finance";"Gérer les finances et les paiements";"Tenir la comptabilité et le budget";"Keep accounts and budget";"Buchhaltung und Budget führen";"Llevar la contabilidad y el presupuesto";"Tenere contabilità e budget";"";"";"";""
"core.process.finance.treasury";"1.1";"TRANSVERSAL";"Processus";"core.process.finance";"Gérer les finances et les paiements";"Piloter la trésorerie";"Manage cash flow";"Liquidität steuern";"Gestionar la tesorería";"Gestire la tesoreria";"";"";"";""
"core.process.finance.payments";"1.1";"TRANSVERSAL";"Processus";"core.process.finance";"Gérer les finances et les paiements";"Émettre et recevoir les paiements";"Issue and receive payments";"Zahlungen ausführen und empfangen";"Emitir y recibir pagos";"Emettere e ricevere pagamenti";"";"";"";""
"core.process.people.hiring";"1.1";"TRANSVERSAL";"Processus";"core.process.people";"Gérer les collaborateurs";"Recruter et accueillir les collaborateurs";"Recruit and onboard staff";"Personal gewinnen und einarbeiten";"Reclutar e incorporar personal";"Reclutare e inserire il personale";"";"";"";""
"core.process.people.payroll";"1.1";"TRANSVERSAL";"Processus";"core.process.people";"Gérer les collaborateurs";"Gérer la paie et les absences";"Run payroll and absences";"Gehälter und Abwesenheiten verwalten";"Gestionar nóminas y ausencias";"Gestire paghe e assenze";"";"";"";""
"core.process.people.skills";"1.1";"TRANSVERSAL";"Processus";"core.process.people";"Gérer les collaborateurs";"Développer et conserver les compétences";"Develop and retain skills";"Kompetenzen entwickeln und halten";"Desarrollar y conservar competencias";"Sviluppare e mantenere le competenze";"";"";"";""
"core.process.buy.sourcing";"1.1";"TRANSVERSAL";"Processus";"core.process.buy";"Acheter et piloter les fournisseurs";"Sélectionner et contractualiser les fournisseurs";"Select and contract suppliers";"Lieferanten auswählen und vertraglich binden";"Seleccionar y contratar proveedores";"Selezionare e contrattualizzare i fornitori";"";"";"";""
"core.process.buy.order";"1.1";"TRANSVERSAL";"Processus";"core.process.buy";"Acheter et piloter les fournisseurs";"Commander et réceptionner";"Order and receive goods";"Bestellen und Wareneingang";"Pedir y recibir";"Ordinare e ricevere";"";"";"";""
"core.process.buy.review";"1.1";"TRANSVERSAL";"Processus";"core.process.buy";"Acheter et piloter les fournisseurs";"Évaluer la performance des fournisseurs";"Review supplier performance";"Lieferantenleistung bewerten";"Evaluar el desempeño de los proveedores";"Valutare le prestazioni dei fornitori";"";"";"";""
"core.process.digital.iam";"1.1";"TRANSVERSAL";"Processus";"core.process.digital";"Exploiter les systèmes et les données";"Gérer les accès et les identités";"Manage access and identities";"Zugriffe und Identitäten verwalten";"Gestionar accesos e identidades";"Gestire accessi e identità";"";"";"";""
"core.process.digital.backup";"1.1";"TRANSVERSAL";"Processus";"core.process.digital";"Exploiter les systèmes et les données";"Sauvegarder et restaurer les données";"Back up and restore data";"Daten sichern und wiederherstellen";"Respaldar y restaurar datos";"Eseguire backup e ripristino dei dati";"";"";"";""
"core.process.digital.patch";"1.1";"TRANSVERSAL";"Processus";"core.process.digital";"Exploiter les systèmes et les données";"Maintenir et mettre à jour les systèmes";"Maintain and update systems";"Systeme warten und aktualisieren";"Mantener y actualizar sistemas";"Manutenere e aggiornare i sistemi";"";"";"";""
"core.process.digital.monitor";"1.1";"TRANSVERSAL";"Processus";"core.process.digital";"Exploiter les systèmes et les données";"Superviser et détecter les événements de sécurité";"Monitor and detect security events";"Sicherheitsereignisse überwachen und erkennen";"Supervisar y detectar eventos de seguridad";"Monitorare e rilevare eventi di sicurezza";"";"";"";""
"core.process.deliver.orders";"1.1";"TRANSVERSAL";"Processus";"core.process.deliver";"Fournir les produits ou services";"Recevoir et traiter les demandes des clients";"Receive and process customer requests";"Kundenanfragen entgegennehmen und bearbeiten";"Recibir y tramitar solicitudes de clientes";"Ricevere ed elaborare le richieste dei clienti";"";"";"";""
"core.process.deliver.aftersales";"1.1";"TRANSVERSAL";"Processus";"core.process.deliver";"Fournir les produits ou services";"Assurer le suivi après livraison";"Provide after-delivery support";"Nachbetreuung nach der Lieferung sicherstellen";"Prestar seguimiento posventa";"Garantire l’assistenza post-consegna";"";"";"";""
"core.risk.privileged-access";"1.1";"TRANSVERSAL";"Risque (événement-type)";"core.process.digital.iam";"Gérer les accès et les identités";"Un compte à privilèges est compromis";"A privileged account is compromised";"Ein privilegiertes Konto wird kompromittiert";"Se compromete una cuenta con privilegios";"Un account con privilegi viene compromesso";"";"";"";""
"core.risk.leavers";"1.1";"TRANSVERSAL";"Risque (événement-type)";"core.process.digital.iam";"Gérer les accès et les identités";"Un collaborateur parti conserve des accès actifs";"A departed employee keeps active access";"Ein ausgeschiedener Mitarbeiter behält aktive Zugänge";"Un empleado que se marchó conserva accesos activos";"Un dipendente uscito mantiene accessi attivi";"";"";"";""
"core.risk.backup-failure";"1.1";"TRANSVERSAL";"Risque (événement-type)";"core.process.digital.backup";"Sauvegarder et restaurer les données";"Une sauvegarde est inutilisable au moment de la restauration";"A backup cannot be restored when needed";"Eine Sicherung lässt sich im Bedarfsfall nicht wiederherstellen";"Una copia de seguridad no se puede restaurar cuando hace falta";"Un backup non è ripristinabile quando serve";"";"";"";""
"core.risk.unpatched";"1.1";"TRANSVERSAL";"Risque (événement-type)";"core.process.digital.patch";"Maintenir et mettre à jour les systèmes";"Une vulnérabilité connue n’est pas corrigée à temps";"A known vulnerability is not fixed in time";"Eine bekannte Schwachstelle wird nicht rechtzeitig behoben";"Una vulnerabilidad conocida no se corrige a tiempo";"Una vulnerabilità nota non viene corretta in tempo";"";"";"";""
"core.risk.supplier-contract";"1.1";"TRANSVERSAL";"Risque (événement-type)";"core.process.buy.sourcing";"Sélectionner et contractualiser les fournisseurs";"Un contrat fournisseur ne couvre pas les exigences de sécurité";"A supplier contract omits security requirements";"Ein Lieferantenvertrag enthält keine Sicherheitsanforderungen";"Un contrato con un proveedor no recoge los requisitos de seguridad";"Un contratto con un fornitore non prevede i requisiti di sicurezza";"";"";"";""
"core.risk.detection-gap";"1.1";"TRANSVERSAL";"Risque (événement-type)";"core.process.digital.monitor";"Superviser et détecter les événements de sécurité";"Une intrusion reste non détectée pendant des semaines";"An intrusion goes undetected for weeks";"Ein Eindringen bleibt wochenlang unentdeckt";"Una intrusión pasa semanas sin detectarse";"Un’intrusione resta non rilevata per settimane";"";"";"";""
"core.risk.internal-fraud";"1.8";"TRANSVERSAL";"Risque (événement-type)";"core.process.finance";"Gérer les finances et les paiements";"Un collaborateur détourne des fonds ou des actifs";"An employee misappropriates funds or assets";"Ein Mitarbeiter veruntreut Gelder oder Vermögenswerte";"Un empleado se apropia indebidamente de fondos o activos";"Un dipendente sottrae fondi o beni";"";"";"";""
"core.risk.segregation";"1.8";"TRANSVERSAL";"Risque (événement-type)";"core.process.govern.compliance";"Suivre les risques et la conformité";"Une même personne cumule des tâches incompatibles";"One person holds incompatible duties";"Eine Person vereint unvereinbare Aufgaben";"Una misma persona acumula tareas incompatibles";"Una stessa persona cumula compiti incompatibili";"";"";"";""
"core.risk.workplace";"1.8";"TRANSVERSAL";"Risque (événement-type)";"core.process.people";"Gérer les collaborateurs";"Un manquement au droit du travail ou à la santé-sécurité expose l’entreprise";"A breach of employment or health-and-safety rules exposes the company";"Ein Verstoß gegen Arbeitsrecht oder Arbeitsschutz belastet das Unternehmen";"Un incumplimiento del derecho laboral o de la seguridad y salud expone a la empresa";"Una violazione del diritto del lavoro o della salute e sicurezza espone l’azienda";"";"";"";""
"core.risk.personal-data";"1.8";"TRANSVERSAL";"Risque (événement-type)";"core.process.govern.compliance";"Suivre les risques et la conformité";"Des données personnelles sont traitées sans base légale ou conservées trop longtemps";"Personal data is processed without a legal basis or kept too long";"Personenbezogene Daten werden ohne Rechtsgrundlage verarbeitet oder zu lange gespeichert";"Se tratan datos personales sin base jurídica o se conservan demasiado tiempo";"Dati personali sono trattati senza base giuridica o conservati troppo a lungo";"";"";"";""
"core.risk.mis-selling";"1.8";"TRANSVERSAL";"Risque (événement-type)";"core.process.deliver.orders";"Recevoir et traiter les demandes des clients";"Un produit ou service inadapté est vendu à un client";"An unsuitable product or service is sold to a customer";"Einem Kunden wird ein ungeeignetes Produkt oder eine ungeeignete Leistung verkauft";"Se vende a un cliente un producto o servicio inadecuado";"Un prodotto o servizio inadeguato viene venduto a un cliente";"";"";"";""
"core.risk.premises";"1.8";"TRANSVERSAL";"Risque (événement-type)";"core.process.govern.crisis";"Gérer les incidents majeurs et les crises";"Un sinistre rend des locaux ou des équipements indisponibles";"A disaster makes premises or equipment unavailable";"Ein Schadensereignis macht Räumlichkeiten oder Ausrüstung unbenutzbar";"Un siniestro deja locales o equipos fuera de servicio";"Un sinistro rende indisponibili locali o attrezzature";"";"";"";""
"core.risk.it-outage";"1.8";"TRANSVERSAL";"Risque (événement-type)";"core.process.digital";"Exploiter les systèmes et les données";"Une panne rend des applications essentielles indisponibles au-delà du délai acceptable";"An outage makes essential applications unavailable beyond the acceptable time";"Ein Ausfall macht wesentliche Anwendungen länger als vertretbar unverfügbar";"Una avería deja aplicaciones esenciales indisponibles más allá del plazo aceptable";"Un guasto rende indisponibili applicazioni essenziali oltre il tempo accettabile";"";"";"";""
"core.risk.continuity-plan";"1.8";"TRANSVERSAL";"Risque (événement-type)";"core.process.govern.crisis";"Gérer les incidents majeurs et les crises";"Le plan de continuité ne permet pas de reprendre l’activité dans les délais";"The continuity plan fails to restore operations in time";"Der Kontinuitätsplan ermöglicht keine fristgerechte Wiederaufnahme des Betriebs";"El plan de continuidad no permite reanudar la actividad a tiempo";"Il piano di continuità non consente di riprendere l’attività nei tempi previsti";"";"";"";""
"core.risk.financial-reporting";"1.8";"TRANSVERSAL";"Risque (événement-type)";"core.process.finance.accounting";"Tenir la comptabilité et le budget";"Une information comptable ou financière erronée est produite";"Incorrect accounting or financial information is produced";"Es werden fehlerhafte Buchhaltungs- oder Finanzinformationen erstellt";"Se produce información contable o financiera errónea";"Vengono prodotte informazioni contabili o finanziarie errate";"";"";"";""
"core.risk.obligation-missed";"1.8";"TRANSVERSAL";"Risque (événement-type)";"core.process.govern.compliance";"Suivre les risques et la conformité";"Une obligation contractuelle ou réglementaire n’est pas respectée";"A contractual or regulatory obligation is not met";"Eine vertragliche oder regulatorische Pflicht wird nicht eingehalten";"No se cumple una obligación contractual o reglamentaria";"Un obbligo contrattuale o normativo non viene rispettato";"";"";"";""
"core.control.access-review";"1.2";"TRANSVERSAL";"Contrôle-type";"core.process.digital.iam";"Gérer les accès et les identités";"Revue périodique des droits d’accès";"Periodic review of access rights";"Regelmäßige Überprüfung der Zugriffsrechte";"Revisión periódica de los derechos de acceso";"Revisione periodica dei diritti di accesso";"périodicité TRIMESTRIEL ; type DETECTIF";"";"";""
"core.control.privileged-review";"1.2";"TRANSVERSAL";"Contrôle-type";"core.process.digital.iam";"Gérer les accès et les identités";"Revue des comptes à privilèges";"Review of privileged accounts";"Überprüfung privilegierter Konten";"Revisión de las cuentas con privilegios";"Revisione degli account con privilegi";"périodicité TRIMESTRIEL ; type DETECTIF";"";"";""
"core.control.leavers";"1.2";"TRANSVERSAL";"Contrôle-type";"core.process.digital.iam";"Gérer les accès et les identités";"Vérification du retrait des accès des collaborateurs partis";"Check that access of departed staff has been removed";"Prüfung des Entzugs der Zugänge ausgeschiedener Mitarbeiter";"Verificación de la retirada de accesos del personal saliente";"Verifica della rimozione degli accessi del personale uscito";"périodicité MENSUEL ; type DETECTIF";"";"";""
"core.control.backup-restore";"1.2";"TRANSVERSAL";"Contrôle-type";"core.process.digital.backup";"Sauvegarder et restaurer les données";"Test de restauration des sauvegardes";"Backup restoration test";"Test der Wiederherstellung von Sicherungen";"Prueba de restauración de copias de seguridad";"Test di ripristino dei backup";"périodicité SEMESTRIEL ; type DETECTIF";"";"";""
"core.control.patch-follow-up";"1.2";"TRANSVERSAL";"Contrôle-type";"core.process.digital.patch";"Maintenir et mettre à jour les systèmes";"Suivi des correctifs de sécurité en retard";"Follow-up of overdue security patches";"Nachverfolgung überfälliger Sicherheitspatches";"Seguimiento de parches de seguridad pendientes";"Monitoraggio delle patch di sicurezza in ritardo";"périodicité MENSUEL ; type DETECTIF";"";"";""
"core.control.security-alerts";"1.2";"TRANSVERSAL";"Contrôle-type";"core.process.digital.monitor";"Superviser et détecter les événements de sécurité";"Revue des alertes et journaux de sécurité";"Review of security alerts and logs";"Überprüfung von Sicherheitswarnungen und Protokollen";"Revisión de alertas y registros de seguridad";"Revisione di avvisi e log di sicurezza";"périodicité MENSUEL ; type DETECTIF";"";"";""
"core.control.payment-validation";"1.2";"TRANSVERSAL";"Contrôle-type";"core.process.finance.payments";"Émettre et recevoir les paiements";"Contrôle par échantillon de la double validation des paiements";"Sample check of dual approval of payments";"Stichprobenprüfung der doppelten Zahlungsfreigabe";"Control por muestreo de la doble validación de los pagos";"Controllo a campione della doppia autorizzazione dei pagamenti";"périodicité MENSUEL ; type DETECTIF";"";"";""
"core.control.supplier-clauses";"1.2";"TRANSVERSAL";"Contrôle-type";"core.process.buy.sourcing";"Sélectionner et contractualiser les fournisseurs";"Vérification des clauses de sécurité des contrats fournisseurs";"Check of security clauses in supplier contracts";"Prüfung der Sicherheitsklauseln in Lieferantenverträgen";"Verificación de las cláusulas de seguridad de los contratos con proveedores";"Verifica delle clausole di sicurezza nei contratti con i fornitori";"périodicité ANNUEL ; type PREVENTIF";"";"";""
"core.control.supplier-review";"1.2";"TRANSVERSAL";"Contrôle-type";"core.process.buy.review";"Évaluer la performance des fournisseurs";"Revue de performance des fournisseurs essentiels";"Performance review of essential suppliers";"Leistungsbewertung wesentlicher Lieferanten";"Revisión del desempeño de los proveedores esenciales";"Revisione delle prestazioni dei fornitori essenziali";"périodicité ANNUEL ; type DETECTIF";"";"";""
"core.kri.overdue-patches";"1.3";"TRANSVERSAL";"KRI candidat";"core.process.digital.patch";"Maintenir et mettre à jour les systèmes";"Vulnérabilités critiques non corrigées dans les délais";"Critical vulnerabilities not fixed on time";"Kritische Schwachstellen nicht fristgerecht behoben";"Vulnerabilidades críticas no corregidas a tiempo";"Vulnerabilità critiche non corrette in tempo";"périodicité MENSUEL ; unité nombre ; dégradation à la hausse";"";"";""
"core.kri.leaver-accounts";"1.3";"TRANSVERSAL";"KRI candidat";"core.process.digital.iam";"Gérer les accès et les identités";"Comptes actifs de collaborateurs partis";"Active accounts of departed staff";"Aktive Konten ausgeschiedener Mitarbeiter";"Cuentas activas de personal saliente";"Account attivi di personale uscito";"périodicité MENSUEL ; unité nombre ; dégradation à la hausse";"";"";""
"core.kri.privileged-accounts";"1.3";"TRANSVERSAL";"KRI candidat";"core.process.digital.iam";"Gérer les accès et les identités";"Comptes à privilèges non revus depuis plus d’un trimestre";"Privileged accounts not reviewed for over a quarter";"Seit über einem Quartal nicht überprüfte privilegierte Konten";"Cuentas con privilegios sin revisar desde hace más de un trimestre";"Account con privilegi non rivisti da oltre un trimestre";"périodicité TRIMESTRIEL ; unité nombre ; dégradation à la hausse";"";"";""
"core.kri.backup-success";"1.3";"TRANSVERSAL";"KRI candidat";"core.process.digital.backup";"Sauvegarder et restaurer les données";"Taux de sauvegardes réussies";"Backup success rate";"Erfolgsquote der Sicherungen";"Tasa de copias de seguridad correctas";"Tasso di backup riusciti";"périodicité MENSUEL ; unité % ; dégradation à la baisse";"";"";""
"core.kri.restore-age";"1.3";"TRANSVERSAL";"KRI candidat";"core.process.digital.backup";"Sauvegarder et restaurer les données";"Ancienneté du dernier test de restauration";"Age of the last restoration test";"Alter des letzten Wiederherstellungstests";"Antigüedad de la última prueba de restauración";"Anzianità dell’ultimo test di ripristino";"périodicité MENSUEL ; unité jours ; dégradation à la hausse";"";"";""
"core.kri.security-incidents";"1.3";"TRANSVERSAL";"KRI candidat";"core.process.govern.crisis";"Gérer les incidents majeurs et les crises";"Incidents de sécurité déclarés";"Reported security incidents";"Gemeldete Sicherheitsvorfälle";"Incidentes de seguridad notificados";"Incidenti di sicurezza segnalati";"périodicité MENSUEL ; unité nombre ; dégradation à la hausse";"";"";""
"core.kri.phishing-click";"1.3";"TRANSVERSAL";"KRI candidat";"core.process.people.skills";"Développer et conserver les compétences";"Taux de clic aux simulations d’hameçonnage";"Click rate in phishing simulations";"Klickrate bei Phishing-Simulationen";"Tasa de clics en simulaciones de phishing";"Tasso di clic nelle simulazioni di phishing";"périodicité TRIMESTRIEL ; unité % ; dégradation à la hausse";"";"";""
"core.kri.supplier-without-clauses";"1.3";"TRANSVERSAL";"KRI candidat";"core.process.buy.sourcing";"Sélectionner et contractualiser les fournisseurs";"Fournisseurs essentiels sans clauses de sécurité";"Essential suppliers without security clauses";"Wesentliche Lieferanten ohne Sicherheitsklauseln";"Proveedores esenciales sin cláusulas de seguridad";"Fornitori essenziali senza clausole di sicurezza";"périodicité SEMESTRIEL ; unité nombre ; dégradation à la hausse";"";"";""
"core.kri.payment-exceptions";"1.3";"TRANSVERSAL";"KRI candidat";"core.process.finance.payments";"Émettre et recevoir les paiements";"Paiements sensibles sans double validation";"Sensitive payments without dual approval";"Sensible Zahlungen ohne doppelte Freigabe";"Pagos sensibles sin doble validación";"Pagamenti sensibili senza doppia autorizzazione";"périodicité MENSUEL ; unité nombre ; dégradation à la hausse";"";"";""
"core.audit.access";"1.4";"TRANSVERSAL";"Mission d’audit type";"core.process.digital.iam";"Gérer les accès et les identités";"Audit de la gestion des accès";"Audit of access management";"Audit der Zugriffsverwaltung";"Auditoría de la gestión de accesos";"Audit della gestione degli accessi";"";"Les droits d’accès sont attribués sur demande validée | Les revues périodiques des droits sont réalisées et tracées | Les accès des collaborateurs partis sont retirés dans les délais | Les comptes à privilèges sont limités et supervisés";"";""
"core.audit.backup";"1.4";"TRANSVERSAL";"Mission d’audit type";"core.process.digital.backup";"Sauvegarder et restaurer les données";"Audit des sauvegardes et de la restauration";"Audit of backup and restoration";"Audit von Datensicherung und Wiederherstellung";"Auditoría de copias de seguridad y restauración";"Audit di backup e ripristino";"";"Le périmètre sauvegardé couvre les données essentielles | Des tests de restauration sont réalisés et leurs résultats conservés | Une copie est protégée contre la suppression ou le chiffrement malveillant | Les échecs de sauvegarde sont détectés et traités";"";""
"core.audit.suppliers";"1.4";"TRANSVERSAL";"Mission d’audit type";"core.process.buy.sourcing";"Sélectionner et contractualiser les fournisseurs";"Audit de la maîtrise des fournisseurs";"Audit of supplier management";"Audit der Lieferantensteuerung";"Auditoría de la gestión de proveedores";"Audit della gestione dei fornitori";"";"Les fournisseurs essentiels sont identifiés et évalués avant contractualisation | Les contrats comportent des exigences de sécurité et de notification d’incident | Le suivi de la performance et des incidents fournisseurs est réalisé | Une stratégie de sortie ou de remplacement est définie pour les services essentiels";"";""
"core.audit.payments";"1.4";"TRANSVERSAL";"Mission d’audit type";"core.process.finance.payments";"Émettre et recevoir les paiements";"Audit des paiements sensibles";"Audit of sensitive payments";"Audit sensibler Zahlungen";"Auditoría de pagos sensibles";"Audit dei pagamenti sensibili";"";"Les paiements sensibles nécessitent une double validation | Les changements de coordonnées bancaires sont vérifiés par un canal indépendant | Les délégations et plafonds de paiement sont à jour | Les anomalies de paiement sont analysées et escaladées";"";""
"core.resilience.vulnerability-scan";"1.6";"TRANSVERSAL";"Plan de test de résilience";"core.process.digital.patch";"Maintenir et mettre à jour les systèmes";"Analyse de vulnérabilités des systèmes exposés sur Internet";"Vulnerability scan of internet-facing systems";"Schwachstellenscan der aus dem Internet erreichbaren Systeme";"Análisis de vulnerabilidades de los sistemas expuestos a Internet";"Scansione delle vulnerabilità dei sistemi esposti su Internet";"type de test VULNERABILITY";"";"";""
"core.resilience.ransomware-restore";"1.6";"TRANSVERSAL";"Plan de test de résilience";"core.process.digital.backup";"Sauvegarder et restaurer les données";"Exercice de reprise après rançongiciel : restauration des données essentielles";"Ransomware recovery exercise: restoring essential data";"Wiederanlaufübung nach Ransomware: Wiederherstellung wesentlicher Daten";"Ejercicio de recuperación tras ransomware: restauración de los datos esenciales";"Esercitazione di ripristino dopo ransomware: recupero dei dati essenziali";"type de test SCENARIO";"";"";""
"core.resilience.network-segmentation";"1.6";"TRANSVERSAL";"Plan de test de résilience";"core.process.digital";"Exploiter les systèmes et les données";"Évaluation du cloisonnement et des flux du réseau interne";"Assessment of internal network segmentation and flows";"Bewertung der Segmentierung und Datenflüsse des internen Netzes";"Evaluación de la segmentación y los flujos de la red interna";"Valutazione della segmentazione e dei flussi della rete interna";"type de test NETWORK_SECURITY";"";"";""
"core.resilience.pentest";"1.6";"TRANSVERSAL";"Plan de test de résilience";"core.process.digital";"Exploiter les systèmes et les données";"Test d’intrusion d’une application exposée";"Penetration test of an internet-facing application";"Penetrationstest einer aus dem Internet erreichbaren Anwendung";"Prueba de intrusión de una aplicación expuesta";"Test di penetrazione di un’applicazione esposta";"type de test PENETRATION";"";"";""
"core.resilience.supplier-failure";"1.6";"TRANSVERSAL";"Plan de test de résilience";"core.process.buy";"Acheter et piloter les fournisseurs";"Exercice de défaillance d’un prestataire TIC essentiel";"Exercise simulating the failure of an essential ICT provider";"Übung zum Ausfall eines wesentlichen IKT-Dienstleisters";"Ejercicio de fallo de un proveedor TIC esencial";"Esercitazione sul guasto di un fornitore TIC essenziale";"type de test SCENARIO";"";"";""
"core.resilience.physical-review";"1.6";"TRANSVERSAL";"Plan de test de résilience";"core.process.digital";"Exploiter les systèmes et les données";"Revue de la sécurité physique des salles informatiques";"Physical security review of server rooms";"Überprüfung der physischen Sicherheit der Serverräume";"Revisión de la seguridad física de las salas informáticas";"Revisione della sicurezza fisica delle sale server";"type de test PHYSICAL_SECURITY";"";"";""
"core.resilience.source-code";"1.6";"TRANSVERSAL";"Plan de test de résilience";"core.process.digital";"Exploiter les systèmes et les données";"Revue du code source d’une application développée en interne";"Source code review of an in-house application";"Quellcodeprüfung einer selbst entwickelten Anwendung";"Revisión del código fuente de una aplicación desarrollada internamente";"Revisione del codice sorgente di un’applicazione sviluppata internamente";"type de test SOURCE_CODE";"";"";""
"public.process.citizens";"1.0";"PUBLIC";"Processus";"core.process.deliver";"Fournir les produits ou services";"Rendre les services aux usagers";"Deliver citizen services";"Dienstleistungen für Bürger erbringen";"Prestar servicios a la ciudadanía";"Erogare servizi ai cittadini";"";"";"";""
"public.process.grants";"1.0";"PUBLIC";"Processus";"core.process.finance";"Gérer les finances et les paiements";"Instruire les aides et subventions";"Process grants and subsidies";"Förderungen und Zuschüsse bearbeiten";"Tramitar ayudas y subvenciones";"Gestire aiuti e sovvenzioni";"";"";"";""
"public.process.identity";"1.0";"PUBLIC";"Processus";"core.process.digital";"Exploiter les systèmes et les données";"Gérer les identités et accès des usagers";"Manage citizen identities and access";"Identitäten und Zugänge der Bürger verwalten";"Gestionar identidades y accesos de usuarios";"Gestire identità e accessi dei cittadini";"";"";"";""
"public.process.local";"1.0";"PUBLIC";"Processus";"core.process.deliver";"Fournir les produits ou services";"Assurer la continuité des services territoriaux";"Maintain local public services";"Lokale öffentliche Dienste aufrechterhalten";"Mantener servicios públicos locales";"Mantenere i servizi pubblici locali";"";"";"";""
"public.risk.portal-outage";"1.0";"PUBLIC";"Risque (événement-type)";"public.process.citizens";"Rendre les services aux usagers";"Un portail public devient indisponible";"A public portal becomes unavailable";"Ein Bürgerportal fällt aus";"Un portal público deja de estar disponible";"Un portale pubblico non è disponibile";"";"";"";""
"public.risk.identity";"1.0";"PUBLIC";"Risque (événement-type)";"public.process.identity";"Gérer les identités et accès des usagers";"Une identité usager est usurpée";"A citizen identity is impersonated";"Eine Bürgeridentität wird missbraucht";"Se suplanta la identidad de un usuario";"L’identità di un cittadino viene usurpata";"";"";"";""
"public.risk.grant-error";"1.0";"PUBLIC";"Risque (événement-type)";"public.process.grants";"Instruire les aides et subventions";"Une aide est versée à tort ou refusée à tort";"A grant is paid or denied incorrectly";"Eine Förderung wird falsch ausgezahlt oder verweigert";"Una ayuda se paga o deniega erróneamente";"Un contributo viene erogato o negato erroneamente";"";"";"";""
"public.risk.local-outage";"1.0";"PUBLIC";"Risque (événement-type)";"public.process.local";"Assurer la continuité des services territoriaux";"Une interruption prive les usagers d’un service local";"An outage deprives citizens of a local service";"Ein Ausfall entzieht Bürgern einen lokalen Dienst";"Una interrupción priva a la ciudadanía de un servicio local";"Un’interruzione priva i cittadini di un servizio locale";"";"";"";""
"public.risk.case-leak";"1.0";"PUBLIC";"Risque (événement-type)";"public.process.citizens";"Rendre les services aux usagers";"Des dossiers administratifs sont divulgués";"Administrative files are disclosed";"Verwaltungsakten werden offengelegt";"Se divulgan expedientes administrativos";"Vengono divulgati fascicoli amministrativi";"";"";"";""
"public.risk.stale-data";"1.1";"PUBLIC";"Risque (événement-type)";"public.process.grants";"Instruire les aides et subventions";"Une décision administrative est prise sur des données obsolètes";"An administrative decision relies on outdated data";"Eine Verwaltungsentscheidung beruht auf veralteten Daten";"Una decisión administrativa se basa en datos obsoletos";"Una decisione amministrativa si basa su dati obsoleti";"";"";"";""
"public.risk.open-data";"1.1";"PUBLIC";"Risque (événement-type)";"public.process.citizens";"Rendre les services aux usagers";"Une publication de données ouvertes expose des informations personnelles";"An open-data release exposes personal information";"Eine Veröffentlichung offener Daten legt personenbezogene Informationen offen";"Una publicación de datos abiertos expone información personal";"Una pubblicazione di dati aperti espone informazioni personali";"";"";"";""
"public.control.grant-sample";"1.5";"PUBLIC";"Contrôle-type";"public.process.grants";"Instruire les aides et subventions";"Contrôle par échantillon des aides versées";"Sample check of grants paid";"Stichprobenprüfung ausgezahlter Förderungen";"Control por muestreo de las ayudas abonadas";"Controllo a campione dei contributi erogati";"périodicité TRIMESTRIEL ; type DETECTIF";"";"";""
"public.control.open-data-review";"1.5";"PUBLIC";"Contrôle-type";"public.process.citizens";"Rendre les services aux usagers";"Relecture des jeux de données avant publication en données ouvertes";"Review of datasets before open-data publication";"Prüfung von Datensätzen vor der Veröffentlichung als offene Daten";"Revisión de los conjuntos de datos antes de su publicación como datos abiertos";"Revisione dei dataset prima della pubblicazione come dati aperti";"périodicité MENSUEL ; type PREVENTIF";"";"";""
"public.kri.portal-availability";"1.5";"PUBLIC";"KRI candidat";"public.process.citizens";"Rendre les services aux usagers";"Disponibilité des portails de services aux usagers";"Availability of citizen service portals";"Verfügbarkeit der Bürgerserviceportale";"Disponibilidad de los portales de servicios a la ciudadanía";"Disponibilità dei portali dei servizi ai cittadini";"périodicité MENSUEL ; unité % ; dégradation à la baisse";"";"";""
"public.kri.grant-corrections";"1.5";"PUBLIC";"KRI candidat";"public.process.grants";"Instruire les aides et subventions";"Aides corrigées ou récupérées après versement";"Grants corrected or recovered after payment";"Nach Auszahlung korrigierte oder zurückgeforderte Förderungen";"Ayudas corregidas o reintegradas tras su abono";"Contributi rettificati o recuperati dopo l’erogazione";"périodicité TRIMESTRIEL ; unité nombre ; dégradation à la hausse";"";"";""
"public.audit.grants";"1.5";"PUBLIC";"Mission d’audit type";"public.process.grants";"Instruire les aides et subventions";"Audit de l’instruction des aides et subventions";"Audit of grant and subsidy processing";"Audit der Bearbeitung von Förderungen und Zuschüssen";"Auditoría de la tramitación de ayudas y subvenciones";"Audit dell’istruttoria di contributi e sovvenzioni";"";"Les critères d’éligibilité sont documentés et appliqués de façon homogène | L’instruction et la décision sont confiées à des personnes différentes | Les pièces justificatives sont vérifiées avant versement | Les versements indus sont détectés et récupérés";"";""
"finance.process.payments";"1.0";"FINANCE";"Processus";"core.process.deliver";"Fournir les produits ou services";"Exécuter les paiements";"Execute payments";"Zahlungen ausführen";"Ejecutar pagos";"Eseguire pagamenti";"";"";"";""
"finance.process.accounts";"1.0";"FINANCE";"Processus";"core.process.deliver";"Fournir les produits ou services";"Tenir les comptes clients";"Maintain customer accounts";"Kundenkonten führen";"Mantener cuentas de clientes";"Gestire i conti dei clienti";"";"";"";""
"finance.process.credit";"1.0";"FINANCE";"Processus";"core.process.deliver";"Fournir les produits ou services";"Octroyer et suivre les financements";"Originate and monitor credit";"Kredite vergeben und überwachen";"Conceder y supervisar créditos";"Erogare e monitorare finanziamenti";"";"";"";""
"finance.process.channels";"1.0";"FINANCE";"Processus";"core.process.digital";"Exploiter les systèmes et les données";"Exploiter les canaux bancaires numériques";"Operate digital banking channels";"Digitale Bankkanäle betreiben";"Operar canales bancarios digitales";"Gestire i canali bancari digitali";"";"";"";""
"finance.risk.payment-routing";"1.0";"FINANCE";"Risque (événement-type)";"finance.process.payments";"Exécuter les paiements";"Un paiement est envoyé au mauvais bénéficiaire";"A payment reaches the wrong beneficiary";"Eine Zahlung erreicht den falschen Empfänger";"Un pago llega al beneficiario equivocado";"Un pagamento raggiunge il beneficiario errato";"";"";"";""
"finance.risk.account-takeover";"1.0";"FINANCE";"Risque (événement-type)";"finance.process.accounts";"Tenir les comptes clients";"Un compte client est usurpé par un fraudeur";"A customer account is taken over fraudulently";"Ein Kundenkonto wird betrügerisch übernommen";"Se toma el control fraudulento de una cuenta de cliente";"Un conto cliente viene acquisito fraudolentemente";"";"";"";""
"finance.risk.credit-data";"1.0";"FINANCE";"Risque (événement-type)";"finance.process.credit";"Octroyer et suivre les financements";"Une décision de financement repose sur des données erronées";"A credit decision relies on incorrect data";"Eine Kreditentscheidung beruht auf falschen Daten";"Una decisión de crédito se basa en datos erróneos";"Una decisione di credito si basa su dati errati";"";"";"";""
"finance.risk.channel-outage";"1.0";"FINANCE";"Risque (événement-type)";"finance.process.channels";"Exploiter les canaux bancaires numériques";"La banque en ligne devient indisponible";"Digital banking becomes unavailable";"Online-Banking ist nicht verfügbar";"La banca en línea deja de estar disponible";"La banca online non è disponibile";"";"";"";""
"finance.risk.reconciliation";"1.0";"FINANCE";"Risque (événement-type)";"finance.process.payments";"Exécuter les paiements";"Des opérations ne sont pas rapprochées à temps";"Transactions are not reconciled in time";"Transaktionen werden nicht rechtzeitig abgeglichen";"Las operaciones no se concilian a tiempo";"Le operazioni non vengono riconciliate in tempo";"";"";"";""
"finance.risk.sanction-screening";"1.1";"FINANCE";"Risque (événement-type)";"finance.process.payments";"Exécuter les paiements";"Une contrepartie sous sanctions n’est pas détectée";"A sanctioned counterparty is not detected";"Eine sanktionierte Gegenpartei wird nicht erkannt";"No se detecta una contraparte sancionada";"Una controparte sanzionata non viene rilevata";"";"";"";""
"finance.risk.card-data";"1.1";"FINANCE";"Risque (événement-type)";"finance.process.channels";"Exploiter les canaux bancaires numériques";"Des données de cartes de paiement sont compromises";"Payment card data is compromised";"Zahlungskartendaten werden kompromittiert";"Se comprometen datos de tarjetas de pago";"I dati delle carte di pagamento vengono compromessi";"";"";"";""
"finance.risk.aml";"1.8";"FINANCE";"Risque (événement-type)";"finance.process.accounts";"Tenir les comptes clients";"Une opération de blanchiment n’est ni détectée ni déclarée";"A money-laundering transaction is neither detected nor reported";"Eine Geldwäschetransaktion wird weder erkannt noch gemeldet";"Una operación de blanqueo no se detecta ni se declara";"Un’operazione di riciclaggio non viene né individuata né segnalata";"";"";"";""
"finance.control.reconciliation";"1.5";"FINANCE";"Contrôle-type";"finance.process.payments";"Exécuter les paiements";"Revue des suspens de rapprochement non résolus";"Review of unresolved reconciliation breaks";"Überprüfung ungeklärter Abstimmungsdifferenzen";"Revisión de las partidas de conciliación pendientes";"Revisione delle partite di riconciliazione non risolte";"périodicité MENSUEL ; type DETECTIF";"";"";""
"finance.control.sanctions-alerts";"1.5";"FINANCE";"Contrôle-type";"finance.process.payments";"Exécuter les paiements";"Revue par échantillon des alertes de filtrage des sanctions clôturées";"Sample review of closed sanctions-screening alerts";"Stichprobenprüfung geschlossener Sanktions-Screening-Alarme";"Revisión por muestreo de las alertas de filtrado de sanciones cerradas";"Revisione a campione degli alert di screening sanzioni chiusi";"périodicité MENSUEL ; type DETECTIF";"";"";""
"finance.kri.reconciliation-breaks";"1.5";"FINANCE";"KRI candidat";"finance.process.payments";"Exécuter les paiements";"Suspens de rapprochement de plus de 30 jours";"Reconciliation breaks older than 30 days";"Abstimmungsdifferenzen älter als 30 Tage";"Partidas de conciliación con más de 30 días";"Partite di riconciliazione aperte da oltre 30 giorni";"périodicité MENSUEL ; unité nombre ; dégradation à la hausse";"";"";""
"finance.kri.channel-availability";"1.5";"FINANCE";"KRI candidat";"finance.process.channels";"Exploiter les canaux bancaires numériques";"Disponibilité des canaux bancaires numériques";"Availability of digital banking channels";"Verfügbarkeit der digitalen Bankkanäle";"Disponibilidad de los canales de banca digital";"Disponibilità dei canali bancari digitali";"périodicité MENSUEL ; unité % ; dégradation à la baisse";"";"";""
"finance.audit.payment-chain";"1.5";"FINANCE";"Mission d’audit type";"finance.process.payments";"Exécuter les paiements";"Audit de la chaîne d’exécution des paiements";"Audit of the payment execution chain";"Audit der Zahlungsausführungskette";"Auditoría de la cadena de ejecución de pagos";"Audit della catena di esecuzione dei pagamenti";"";"Les ordres de paiement sont autorisés selon les délégations en vigueur | Les fichiers de paiement sont protégés contre toute modification entre validation et émission | Les rejets et retours de paiement sont suivis jusqu’à leur résolution | Un mode dégradé est prévu en cas d’indisponibilité du système de paiement";"";""
"finance.process.governance";"1.9";"FINANCE";"Processus";"";"";"Piloter le contrôle interne et la gouvernance des risques";"Run internal control and risk governance";"Internes Kontrollsystem und Risikogovernance steuern";"Dirigir el control interno y la gobernanza de riesgos";"Governare il controllo interno e la governance dei rischi";"";"";"";""
"finance.process.markets";"1.9";"FINANCE";"Processus";"";"";"Gérer les opérations de marché, la liquidité et le bilan";"Manage market operations, liquidity and the balance sheet";"Marktgeschäfte, Liquidität und Bilanz steuern";"Gestionar las operaciones de mercado, la liquidez y el balance";"Gestire le operazioni di mercato, la liquidità e il bilancio";"";"";"";""
"finance.process.aml";"1.9";"FINANCE";"Processus";"";"";"Lutter contre le blanchiment et le financement du terrorisme, appliquer les sanctions";"Combat money laundering and terrorist financing, apply sanctions";"Geldwäsche und Terrorismusfinanzierung bekämpfen, Sanktionen anwenden";"Luchar contra el blanqueo y la financiación del terrorismo, aplicar sanciones";"Contrastare il riciclaggio e il finanziamento del terrorismo, applicare le sanzioni";"";"";"";""
"finance.process.compliance";"1.9";"FINANCE";"Processus";"";"";"Protéger la clientèle et assurer la conformité des services";"Protect customers and ensure service compliance";"Kunden schützen und Konformität der Dienstleistungen sicherstellen";"Proteger a la clientela y asegurar la conformidad de los servicios";"Tutelare la clientela e garantire la conformità dei servizi";"";"";"";""
"finance.process.reporting";"1.9";"FINANCE";"Processus";"";"";"Produire l’information comptable et réglementaire";"Produce accounting and regulatory reporting";"Rechnungslegung und aufsichtliches Meldewesen erstellen";"Elaborar la información contable y reglamentaria";"Produrre l’informativa contabile e regolamentare";"";"";"";""
"finance.process.ict";"1.9";"FINANCE";"Processus";"";"";"Maîtriser les risques liés aux TIC et aux prestataires";"Control ICT and third-party provider risks";"IKT-Risiken und Dienstleisterrisiken beherrschen";"Controlar los riesgos de las TIC y de los proveedores";"Controllare i rischi delle TIC e dei fornitori";"";"";"";""
"finance.control.control-plan";"1.9";"FINANCE";"Contrôle-type";"finance.process.governance";"Piloter le contrôle interne et la gouvernance des risques";"Revue de la réalisation du plan de contrôle permanent (niveaux 1 et 2)";"Review of the completion of the permanent control plan (levels 1 and 2)";"Überprüfung der Umsetzung des Plans der laufenden Kontrollen (Stufen 1 und 2)";"Revisión de la ejecución del plan de control permanente (niveles 1 y 2)";"Revisione dell’esecuzione del piano di controllo permanente (livelli 1 e 2)";"périodicité TRIMESTRIEL ; type DETECTIF";"";"";""
"finance.control.delegations";"1.9";"FINANCE";"Contrôle-type";"finance.process.governance";"Piloter le contrôle interne et la gouvernance des risques";"Revue des délégations de pouvoirs et de signature";"Review of powers and signing delegations";"Überprüfung der Befugnis- und Zeichnungsdelegationen";"Revisión de las delegaciones de poderes y de firma";"Revisione delle deleghe di poteri e di firma";"périodicité SEMESTRIEL ; type PREVENTIF";"";"";""
"finance.control.incident-escalation";"1.9";"FINANCE";"Contrôle-type";"finance.process.governance";"Piloter le contrôle interne et la gouvernance des risques";"Contrôle de la remontée des incidents significatifs de contrôle interne à la direction";"Check that significant internal-control incidents are escalated to management";"Prüfung der Eskalation wesentlicher Vorfälle des internen Kontrollsystems an die Geschäftsleitung";"Control de la escalada de los incidentes significativos de control interno a la dirección";"Verifica dell’escalation degli incidenti significativi di controllo interno alla direzione";"périodicité TRIMESTRIEL ; type DETECTIF";"";"";""
"finance.control.credit-sample";"1.9";"FINANCE";"Contrôle-type";"finance.process.credit";"Octroyer et suivre les financements";"Contrôle par échantillon des dossiers de crédit (analyse, garanties, délégation)";"Sample check of credit files (analysis, collateral, delegation)";"Stichprobenprüfung von Kreditakten (Analyse, Sicherheiten, Delegation)";"Control por muestreo de los expedientes de crédito (análisis, garantías, delegación)";"Controllo a campione delle pratiche di credito (analisi, garanzie, delega)";"périodicité MENSUEL ; type DETECTIF";"";"";""
"finance.control.credit-limits";"1.9";"FINANCE";"Contrôle-type";"finance.process.credit";"Octroyer et suivre les financements";"Suivi des dépassements de limites de risque de contrepartie et de concentration";"Monitoring of counterparty and concentration limit breaches";"Überwachung von Überschreitungen der Gegenpartei- und Konzentrationslimite";"Seguimiento de los excesos de límites de contraparte y de concentración";"Monitoraggio dei superamenti dei limiti di controparte e di concentrazione";"périodicité MENSUEL ; type DETECTIF";"";"";""
"finance.control.default-classification";"1.9";"FINANCE";"Contrôle-type";"finance.process.credit";"Octroyer et suivre les financements";"Revue du classement des créances sensibles et en défaut et des provisions associées";"Review of the classification of watch-list and defaulted exposures and related provisions";"Überprüfung der Einstufung gefährdeter und ausgefallener Forderungen und der zugehörigen Rückstellungen";"Revisión de la clasificación de los créditos dudosos y en incumplimiento y de sus provisiones";"Revisione della classificazione dei crediti deteriorati e in default e dei relativi accantonamenti";"périodicité TRIMESTRIEL ; type DETECTIF";"";"";""
"finance.control.collateral-valuation";"1.9";"FINANCE";"Contrôle-type";"finance.process.credit";"Octroyer et suivre les financements";"Revue de la valorisation et de la mise à jour des garanties";"Review of collateral valuation and updates";"Überprüfung von Bewertung und Aktualisierung der Sicherheiten";"Revisión de la valoración y actualización de las garantías";"Revisione della valutazione e dell’aggiornamento delle garanzie";"périodicité SEMESTRIEL ; type DETECTIF";"";"";""
"finance.control.market-limits";"1.9";"FINANCE";"Contrôle-type";"finance.process.markets";"Gérer les opérations de marché, la liquidité et le bilan";"Contrôle du respect des limites de marché et de leur suivi";"Check of compliance with market limits and their monitoring";"Prüfung der Einhaltung der Marktlimite und ihrer Überwachung";"Control del cumplimiento de los límites de mercado y de su seguimiento";"Verifica del rispetto dei limiti di mercato e del loro monitoraggio";"périodicité MENSUEL ; type DETECTIF";"";"";""
"finance.control.valuation-check";"1.9";"FINANCE";"Contrôle-type";"finance.process.markets";"Gérer les opérations de marché, la liquidité et le bilan";"Vérification indépendante de la valorisation des positions";"Independent verification of position valuation";"Unabhängige Überprüfung der Bewertung von Positionen";"Verificación independiente de la valoración de las posiciones";"Verifica indipendente della valutazione delle posizioni";"périodicité MENSUEL ; type DETECTIF";"";"";""
"finance.control.liquidity-ratios";"1.9";"FINANCE";"Contrôle-type";"finance.process.markets";"Gérer les opérations de marché, la liquidité et le bilan";"Contrôle du calcul et du suivi des ratios de liquidité et de financement";"Check of the calculation and monitoring of liquidity and funding ratios";"Prüfung der Berechnung und Überwachung der Liquiditäts- und Refinanzierungskennzahlen";"Control del cálculo y seguimiento de los ratios de liquidez y financiación";"Verifica del calcolo e del monitoraggio degli indicatori di liquidità e di finanziamento";"périodicité MENSUEL ; type DETECTIF";"";"";""
"finance.control.payment-four-eyes";"1.9";"FINANCE";"Contrôle-type";"finance.process.payments";"Exécuter les paiements";"Contrôle du principe des quatre yeux sur les opérations de paiement sensibles";"Check of the four-eyes principle on sensitive payment operations";"Prüfung des Vier-Augen-Prinzips bei sensiblen Zahlungsvorgängen";"Control del principio de los cuatro ojos en las operaciones de pago sensibles";"Verifica del principio dei quattro occhi sulle operazioni di pagamento sensibili";"périodicité MENSUEL ; type PREVENTIF";"";"";""
"finance.control.fraud-monitoring";"1.9";"FINANCE";"Contrôle-type";"finance.process.payments";"Exécuter les paiements";"Revue des alertes de surveillance de la fraude sur les moyens de paiement";"Review of payment-fraud monitoring alerts";"Überprüfung der Warnmeldungen der Betrugsüberwachung bei Zahlungsmitteln";"Revisión de las alertas de vigilancia del fraude en medios de pago";"Revisione degli avvisi di monitoraggio delle frodi sugli strumenti di pagamento";"périodicité MENSUEL ; type DETECTIF";"";"";""
"finance.control.strong-authentication";"1.9";"FINANCE";"Contrôle-type";"finance.process.channels";"Exploiter les canaux bancaires numériques";"Vérification de l’application de l’authentification forte du client sur les canaux numériques";"Check that strong customer authentication is applied on digital channels";"Prüfung der Anwendung der starken Kundenauthentifizierung auf digitalen Kanälen";"Verificación de la aplicación de la autenticación reforzada del cliente en los canales digitales";"Verifica dell’applicazione dell’autenticazione forte del cliente sui canali digitali";"périodicité TRIMESTRIEL ; type PREVENTIF";"";"";""
"finance.control.kyc-sample";"1.9";"FINANCE";"Contrôle-type";"finance.process.aml";"Lutter contre le blanchiment et le financement du terrorisme, appliquer les sanctions";"Contrôle par échantillon de la connaissance client et de sa mise à jour périodique";"Sample check of customer due diligence and its periodic update";"Stichprobenprüfung der Kundenidentifizierung und ihrer regelmäßigen Aktualisierung";"Control por muestreo del conocimiento del cliente y de su actualización periódica";"Controllo a campione dell’adeguata verifica della clientela e del suo aggiornamento periodico";"périodicité TRIMESTRIEL ; type DETECTIF";"";"";""
"finance.control.aml-alerts";"1.9";"FINANCE";"Contrôle-type";"finance.process.aml";"Lutter contre le blanchiment et le financement du terrorisme, appliquer les sanctions";"Revue de la qualité et des délais de traitement des alertes de surveillance des opérations";"Review of the quality and timeliness of transaction-monitoring alert handling";"Überprüfung von Qualität und Fristen der Bearbeitung von Transaktionsüberwachungswarnungen";"Revisión de la calidad y de los plazos de tratamiento de las alertas de vigilancia de operaciones";"Revisione della qualità e dei tempi di trattamento degli avvisi di monitoraggio delle operazioni";"périodicité MENSUEL ; type DETECTIF";"";"";""
"finance.control.str-quality";"1.9";"FINANCE";"Contrôle-type";"finance.process.aml";"Lutter contre le blanchiment et le financement du terrorisme, appliquer les sanctions";"Contrôle de la qualité et du respect des délais des déclarations de soupçon";"Check of the quality and timeliness of suspicious transaction reports";"Prüfung von Qualität und Fristeinhaltung der Verdachtsmeldungen";"Control de la calidad y del cumplimiento de plazos de las comunicaciones de operaciones sospechosas";"Verifica della qualità e del rispetto dei termini delle segnalazioni di operazioni sospette";"périodicité TRIMESTRIEL ; type DETECTIF";"";"";""
"finance.control.asset-freeze";"1.9";"FINANCE";"Contrôle-type";"finance.process.aml";"Lutter contre le blanchiment et le financement du terrorisme, appliquer les sanctions";"Vérification du filtrage des listes de gel des avoirs et de ses mises à jour";"Check of asset-freeze list screening and its updates";"Prüfung des Abgleichs mit Listen zum Einfrieren von Vermögenswerten und seiner Aktualisierungen";"Verificación del filtrado de las listas de inmovilización de activos y de sus actualizaciones";"Verifica del filtraggio delle liste di congelamento dei beni e dei suoi aggiornamenti";"périodicité MENSUEL ; type PREVENTIF";"";"";""
"finance.control.suitability";"1.9";"FINANCE";"Contrôle-type";"finance.process.compliance";"Protéger la clientèle et assurer la conformité des services";"Contrôle par échantillon de l’adéquation des produits et services d’investissement proposés";"Sample check of the suitability of investment products and services offered";"Stichprobenprüfung der Eignung angebotener Anlageprodukte und -dienstleistungen";"Control por muestreo de la idoneidad de los productos y servicios de inversión ofrecidos";"Controllo a campione dell’adeguatezza dei prodotti e servizi di investimento offerti";"périodicité TRIMESTRIEL ; type DETECTIF";"";"";""
"finance.control.complaints";"1.9";"FINANCE";"Contrôle-type";"finance.process.compliance";"Protéger la clientèle et assurer la conformité des services";"Revue du traitement des réclamations clients et de leurs délais";"Review of customer complaint handling and timelines";"Überprüfung der Bearbeitung von Kundenbeschwerden und der Fristen";"Revisión del tratamiento de las reclamaciones de clientes y de sus plazos";"Revisione della gestione dei reclami dei clienti e dei relativi tempi";"périodicité TRIMESTRIEL ; type DETECTIF";"";"";""
"finance.control.marketing-review";"1.9";"FINANCE";"Contrôle-type";"finance.process.compliance";"Protéger la clientèle et assurer la conformité des services";"Contrôle préalable des communications commerciales et de l’information précontractuelle";"Prior review of marketing communications and pre-contractual information";"Vorabprüfung von Werbemitteilungen und vorvertraglichen Informationen";"Control previo de las comunicaciones comerciales y de la información precontractual";"Verifica preventiva delle comunicazioni commerciali e dell’informativa precontrattuale";"périodicité TRIMESTRIEL ; type PREVENTIF";"";"";""
"finance.control.regulatory-reporting";"1.9";"FINANCE";"Contrôle-type";"finance.process.reporting";"Produire l’information comptable et réglementaire";"Contrôle de la qualité des données et de la réconciliation comptable-prudentielle avant remise des états réglementaires";"Check of data quality and accounting-to-prudential reconciliation before regulatory returns are filed";"Prüfung der Datenqualität und der Abstimmung Rechnungswesen–Aufsicht vor Einreichung der aufsichtlichen Meldungen";"Control de la calidad de los datos y de la conciliación contable-prudencial antes de remitir los estados reglamentarios";"Verifica della qualità dei dati e della riconciliazione contabile-prudenziale prima dell’invio delle segnalazioni regolamentari";"périodicité TRIMESTRIEL ; type PREVENTIF";"";"";""
"finance.control.suspense-accounts";"1.9";"FINANCE";"Contrôle-type";"finance.process.reporting";"Produire l’information comptable et réglementaire";"Revue des rapprochements comptables et des comptes d’attente";"Review of accounting reconciliations and suspense accounts";"Überprüfung der Kontenabstimmungen und Durchlaufkonten";"Revisión de las conciliaciones contables y de las cuentas transitorias";"Revisione delle riconciliazioni contabili e dei conti transitori";"périodicité MENSUEL ; type DETECTIF";"";"";""
"finance.control.ict-register";"1.9";"FINANCE";"Contrôle-type";"finance.process.ict";"Maîtriser les risques liés aux TIC et aux prestataires";"Revue du registre d’information des accords contractuels avec les prestataires de services TIC";"Review of the register of information on contractual arrangements with ICT service providers";"Überprüfung des Informationsregisters der vertraglichen Vereinbarungen mit IKT-Drittdienstleistern";"Revisión del registro de información de los acuerdos contractuales con proveedores de servicios TIC";"Revisione del registro delle informazioni sugli accordi contrattuali con i fornitori di servizi TIC";"périodicité TRIMESTRIEL ; type DETECTIF";"";"";""
"finance.control.critical-providers";"1.9";"FINANCE";"Contrôle-type";"finance.process.ict";"Maîtriser les risques liés aux TIC et aux prestataires";"Suivi des niveaux de service et des incidents des prestataires de fonctions critiques ou importantes";"Monitoring of service levels and incidents of providers of critical or important functions";"Überwachung der Servicelevel und Vorfälle von Dienstleistern kritischer oder wichtiger Funktionen";"Seguimiento de los niveles de servicio y de los incidentes de los proveedores de funciones críticas o importantes";"Monitoraggio dei livelli di servizio e degli incidenti dei fornitori di funzioni critiche o importanti";"périodicité TRIMESTRIEL ; type DETECTIF";"";"";""
"finance.control.resilience-testing";"1.9";"FINANCE";"Contrôle-type";"finance.process.ict";"Maîtriser les risques liés aux TIC et aux prestataires";"Suivi du programme annuel de tests de résilience opérationnelle numérique et de ses remédiations";"Follow-up of the annual digital operational resilience testing programme and its remediation";"Nachverfolgung des jährlichen Testprogramms zur digitalen operationalen Resilienz und seiner Behebungsmaßnahmen";"Seguimiento del programa anual de pruebas de resiliencia operativa digital y de sus correcciones";"Monitoraggio del programma annuale di test di resilienza operativa digitale e delle relative azioni correttive";"périodicité TRIMESTRIEL ; type DETECTIF";"";"";""
"finance.control.incident-reporting-drill";"1.9";"FINANCE";"Contrôle-type";"finance.process.ict";"Maîtriser les risques liés aux TIC et aux prestataires";"Test de la chaîne de classification et de déclaration des incidents TIC majeurs";"Test of the classification and reporting chain for major ICT-related incidents";"Test der Kette zur Klassifizierung und Meldung schwerwiegender IKT-bezogener Vorfälle";"Prueba de la cadena de clasificación y notificación de incidentes graves relacionados con las TIC";"Test della catena di classificazione e notifica degli incidenti gravi connessi alle TIC";"périodicité SEMESTRIEL ; type PREVENTIF";"";"";""
"finance.resilience.payment-end-to-end";"1.6";"FINANCE";"Plan de test de résilience";"finance.process.payments";"Exécuter les paiements";"Test de bout en bout de la chaîne de paiement";"End-to-end test of the payment chain";"End-to-End-Test der Zahlungskette";"Prueba de extremo a extremo de la cadena de pagos";"Test end-to-end della catena dei pagamenti";"type de test END_TO_END";"";"";""
"finance.resilience.channel-load";"1.6";"FINANCE";"Plan de test de résilience";"finance.process.channels";"Exploiter les canaux bancaires numériques";"Test de performance des canaux bancaires numériques en pic de charge";"Peak-load performance test of digital banking channels";"Lasttest der digitalen Bankkanäle unter Spitzenlast";"Prueba de rendimiento de los canales de banca digital en pico de carga";"Test di prestazione dei canali bancari digitali nei picchi di carico";"type de test PERFORMANCE";"";"";""
"assurance.process.underwrite";"1.0";"ASSURANCE";"Processus";"core.process.deliver";"Fournir les produits ou services";"Souscrire et tarifer les contrats";"Underwrite and price policies";"Verträge zeichnen und tarifieren";"Suscribir y tarificar pólizas";"Sottoscrivere e prezzare polizze";"";"";"";""
"assurance.process.claims";"1.0";"ASSURANCE";"Processus";"core.process.deliver";"Fournir les produits ou services";"Gérer les sinistres et indemnisations";"Handle claims and settlements";"Schäden und Entschädigungen bearbeiten";"Gestionar siniestros e indemnizaciones";"Gestire sinistri e indennizzi";"";"";"";""
"assurance.process.brokers";"1.0";"ASSURANCE";"Processus";"core.process.deliver";"Fournir les produits ou services";"Animer les courtiers et distributeurs";"Manage brokers and distributors";"Makler und Vertriebspartner betreuen";"Gestionar corredores y distribuidores";"Gestire broker e distributori";"";"";"";""
"assurance.process.policy";"1.0";"ASSURANCE";"Processus";"core.process.deliver";"Fournir les produits ou services";"Administrer les contrats en cours";"Administer active policies";"Laufende Verträge verwalten";"Administrar pólizas vigentes";"Amministrare polizze attive";"";"";"";""
"assurance.risk.claim-fraud";"1.0";"ASSURANCE";"Risque (événement-type)";"assurance.process.claims";"Gérer les sinistres et indemnisations";"Un sinistre frauduleux est indemnisé";"A fraudulent claim is paid";"Ein betrügerischer Schaden wird ausgezahlt";"Se paga un siniestro fraudulento";"Un sinistro fraudolento viene liquidato";"";"";"";""
"assurance.risk.claim-delay";"1.0";"ASSURANCE";"Risque (événement-type)";"assurance.process.claims";"Gérer les sinistres et indemnisations";"Un sinistre légitime est traité trop tard";"A valid claim is handled too late";"Ein berechtigter Schaden wird zu spät bearbeitet";"Un siniestro legítimo se tramita demasiado tarde";"Un sinistro legittimo viene gestito troppo tardi";"";"";"";""
"assurance.risk.pricing";"1.0";"ASSURANCE";"Risque (événement-type)";"assurance.process.underwrite";"Souscrire et tarifer les contrats";"Une erreur de tarification déséquilibre un portefeuille";"A pricing error harms a portfolio";"Ein Tarifierungsfehler belastet ein Portfolio";"Un error de tarificación perjudica la cartera";"Un errore di prezzo danneggia il portafoglio";"";"";"";""
"assurance.risk.broker-data";"1.0";"ASSURANCE";"Risque (événement-type)";"assurance.process.brokers";"Animer les courtiers et distributeurs";"Un distributeur transmet des données client inexactes";"A distributor supplies inaccurate customer data";"Ein Vertriebspartner liefert fehlerhafte Kundendaten";"Un distribuidor envía datos inexactos de clientes";"Un distributore invia dati cliente inesatti";"";"";"";""
"assurance.risk.policy-change";"1.0";"ASSURANCE";"Risque (événement-type)";"assurance.process.policy";"Administrer les contrats en cours";"Une modification de contrat n’est pas appliquée";"A policy change is not applied";"Eine Vertragsänderung wird nicht umgesetzt";"No se aplica un cambio de póliza";"Una modifica di polizza non viene applicata";"";"";"";""
"assurance.risk.reserve";"1.1";"ASSURANCE";"Risque (événement-type)";"assurance.process.policy";"Administrer les contrats en cours";"Les provisions techniques sont mal estimées";"Technical reserves are misestimated";"Versicherungstechnische Rückstellungen werden falsch geschätzt";"Las provisiones técnicas se estiman mal";"Le riserve tecniche sono stimate in modo errato";"";"";"";""
"assurance.risk.customer-data";"1.1";"ASSURANCE";"Risque (événement-type)";"assurance.process.underwrite";"Souscrire et tarifer les contrats";"Des données de santé ou financières d’assurés sont divulguées";"Policyholder health or financial data is disclosed";"Gesundheits- oder Finanzdaten von Versicherten werden offengelegt";"Se divulgan datos de salud o financieros de asegurados";"Vengono divulgati dati sanitari o finanziari degli assicurati";"";"";"";""
"assurance.control.claims-sample";"1.5";"ASSURANCE";"Contrôle-type";"assurance.process.claims";"Gérer les sinistres et indemnisations";"Contrôle par échantillon des sinistres indemnisés";"Sample check of settled claims";"Stichprobenprüfung regulierter Schäden";"Control por muestreo de los siniestros indemnizados";"Controllo a campione dei sinistri liquidati";"périodicité MENSUEL ; type DETECTIF";"";"";""
"assurance.control.pricing-change";"1.5";"ASSURANCE";"Contrôle-type";"assurance.process.underwrite";"Souscrire et tarifer les contrats";"Revue des changements de paramètres tarifaires";"Review of pricing parameter changes";"Überprüfung von Änderungen an Tarifparametern";"Revisión de los cambios de parámetros de tarificación";"Revisione delle modifiche ai parametri tariffari";"périodicité TRIMESTRIEL ; type DETECTIF";"";"";""
"assurance.kri.claims-backlog";"1.5";"ASSURANCE";"KRI candidat";"assurance.process.claims";"Gérer les sinistres et indemnisations";"Sinistres en attente au-delà du délai de traitement cible";"Claims pending beyond the target handling time";"Schäden, die über die Zielbearbeitungszeit hinaus offen sind";"Siniestros pendientes más allá del plazo objetivo de tramitación";"Sinistri in attesa oltre il tempo di gestione obiettivo";"périodicité MENSUEL ; unité nombre ; dégradation à la hausse";"";"";""
"assurance.kri.broker-data-rejects";"1.5";"ASSURANCE";"KRI candidat";"assurance.process.brokers";"Animer les courtiers et distributeurs";"Taux de dossiers de distributeurs rejetés pour données incomplètes";"Rate of distributor files rejected for incomplete data";"Quote der wegen unvollständiger Daten abgelehnten Vertriebsakten";"Tasa de expedientes de distribuidores rechazados por datos incompletos";"Tasso di pratiche dei distributori respinte per dati incompleti";"périodicité MENSUEL ; unité % ; dégradation à la hausse";"";"";""
"assurance.audit.claims";"1.5";"ASSURANCE";"Mission d’audit type";"assurance.process.claims";"Gérer les sinistres et indemnisations";"Audit de la gestion des sinistres";"Audit of claims handling";"Audit der Schadenbearbeitung";"Auditoría de la gestión de siniestros";"Audit della gestione dei sinistri";"";"Les délégations de règlement sont définies et respectées | Les indicateurs de fraude sont examinés avant indemnisation | Les délais de traitement sont suivis et les retards expliqués | Les données de santé ou financières des assurés ne sont consultées qu’en cas de besoin";"";""
"assurance.process.governance";"1.9";"ASSURANCE";"Processus";"";"";"Piloter le système de gouvernance et les fonctions clés";"Run the system of governance and the key functions";"Governance-System und Schlüsselfunktionen steuern";"Dirigir el sistema de gobernanza y las funciones fundamentales";"Governare il sistema di governance e le funzioni fondamentali";"";"";"";""
"assurance.process.orsa";"1.9";"ASSURANCE";"Processus";"";"";"Évaluer les risques et la solvabilité (ORSA) et piloter le capital";"Assess risks and solvency (ORSA) and manage capital";"Risiken und Solvabilität beurteilen (ORSA) und Kapital steuern";"Evaluar los riesgos y la solvencia (ORSA) y gestionar el capital";"Valutare i rischi e la solvibilità (ORSA) e gestire il capitale";"";"";"";""
"assurance.process.reserving";"1.9";"ASSURANCE";"Processus";"";"";"Constituer et suivre les provisions techniques";"Establish and monitor technical provisions";"Versicherungstechnische Rückstellungen bilden und überwachen";"Constituir y supervisar las provisiones técnicas";"Costituire e monitorare le riserve tecniche";"";"";"";""
"assurance.process.investments";"1.9";"ASSURANCE";"Processus";"";"";"Gérer les placements et la réassurance";"Manage investments and reinsurance";"Kapitalanlagen und Rückversicherung steuern";"Gestionar las inversiones y el reaseguro";"Gestire gli investimenti e la riassicurazione";"";"";"";""
"assurance.process.aml";"1.9";"ASSURANCE";"Processus";"";"";"Lutter contre le blanchiment et le financement du terrorisme, appliquer le gel des avoirs";"Combat money laundering and terrorist financing, apply asset freezes";"Geldwäsche und Terrorismusfinanzierung bekämpfen, Einfrieren von Vermögenswerten anwenden";"Luchar contra el blanqueo y la financiación del terrorismo, aplicar la inmovilización de activos";"Contrastare il riciclaggio e il finanziamento del terrorismo, applicare il congelamento dei beni";"";"";"";""
"assurance.process.members";"1.9";"ASSURANCE";"Processus";"";"";"Gérer les adhérents, les cotisations et les prestations (mutuelles)";"Manage members, contributions and benefits (mutual insurers)";"Mitglieder, Beiträge und Leistungen verwalten (Versicherungsvereine auf Gegenseitigkeit)";"Gestionar a los mutualistas, las cuotas y las prestaciones (mutualidades)";"Gestire gli aderenti, i contributi e le prestazioni (mutue)";"";"";"";""
"assurance.process.ict";"1.9";"ASSURANCE";"Processus";"";"";"Maîtriser les risques liés aux TIC et aux prestataires";"Control ICT and third-party provider risks";"IKT-Risiken und Dienstleisterrisiken beherrschen";"Controlar los riesgos de las TIC y de los proveedores";"Controllare i rischi delle TIC e dei fornitori";"";"";"";""
"assurance.control.key-functions";"1.9";"ASSURANCE";"Contrôle-type";"assurance.process.governance";"Piloter le système de gouvernance et les fonctions clés";"Revue de l’indépendance et des rapports annuels des fonctions clés (risques, conformité, audit interne, actuariat)";"Review of the independence and annual reports of the key functions (risk, compliance, internal audit, actuarial)";"Überprüfung der Unabhängigkeit und der Jahresberichte der Schlüsselfunktionen (Risiko, Compliance, Interne Revision, Versicherungsmathematik)";"Revisión de la independencia y de los informes anuales de las funciones fundamentales (riesgos, cumplimiento, auditoría interna, actuarial)";"Revisione dell’indipendenza e delle relazioni annuali delle funzioni fondamentali (rischi, conformità, revisione interna, attuariale)";"périodicité ANNUEL ; type DETECTIF";"";"";""
"assurance.control.policies-review";"1.9";"ASSURANCE";"Contrôle-type";"assurance.process.governance";"Piloter le système de gouvernance et les fonctions clés";"Revue annuelle des politiques écrites approuvées par l’organe d’administration";"Annual review of the written policies approved by the administrative body";"Jährliche Überprüfung der vom Verwaltungsorgan genehmigten schriftlichen Leitlinien";"Revisión anual de las políticas escritas aprobadas por el órgano de administración";"Revisione annuale delle politiche scritte approvate dall’organo amministrativo";"périodicité ANNUEL ; type PREVENTIF";"";"";""
"assurance.control.fit-proper";"1.9";"ASSURANCE";"Contrôle-type";"assurance.process.governance";"Piloter le système de gouvernance et les fonctions clés";"Contrôle de la compétence et de l’honorabilité des dirigeants effectifs et des responsables de fonctions clés";"Check of the fitness and propriety of persons who effectively run the undertaking and key function holders";"Prüfung der fachlichen Qualifikation und Zuverlässigkeit der tatsächlichen Leiter und Inhaber von Schlüsselfunktionen";"Control de la competencia y honorabilidad de los dirigentes efectivos y de los responsables de funciones fundamentales";"Verifica dei requisiti di competenza e onorabilità dei dirigenti effettivi e dei titolari di funzioni fondamentali";"périodicité ANNUEL ; type PREVENTIF";"";"";""
"assurance.control.governance-escalation";"1.9";"ASSURANCE";"Contrôle-type";"assurance.process.governance";"Piloter le système de gouvernance et les fonctions clés";"Suivi des décisions et des alertes remontées aux instances de gouvernance";"Follow-up of decisions and alerts escalated to governance bodies";"Nachverfolgung von Beschlüssen und Warnmeldungen an die Governance-Gremien";"Seguimiento de las decisiones y alertas elevadas a los órganos de gobierno";"Monitoraggio delle decisioni e degli avvisi riportati agli organi di governo";"périodicité TRIMESTRIEL ; type DETECTIF";"";"";""
"assurance.control.orsa-process";"1.9";"ASSURANCE";"Contrôle-type";"assurance.process.orsa";"Évaluer les risques et la solvabilité (ORSA) et piloter le capital";"Contrôle de la réalisation et de l’approbation de l’évaluation interne des risques et de la solvabilité (ORSA)";"Check of the performance and approval of the own risk and solvency assessment (ORSA)";"Prüfung der Durchführung und Genehmigung der unternehmenseigenen Risiko- und Solvabilitätsbeurteilung (ORSA)";"Control de la realización y aprobación de la evaluación interna de riesgos y solvencia (ORSA)";"Verifica dello svolgimento e dell’approvazione della valutazione interna del rischio e della solvibilità (ORSA)";"périodicité ANNUEL ; type DETECTIF";"";"";""
"assurance.control.solvency-coverage";"1.9";"ASSURANCE";"Contrôle-type";"assurance.process.orsa";"Évaluer les risques et la solvabilité (ORSA) et piloter le capital";"Suivi de la couverture du capital de solvabilité requis et des fonds propres éligibles";"Monitoring of coverage of the solvency capital requirement and eligible own funds";"Überwachung der Bedeckung der Solvenzkapitalanforderung und der anrechnungsfähigen Eigenmittel";"Seguimiento de la cobertura del capital de solvencia obligatorio y de los fondos propios admisibles";"Monitoraggio della copertura del requisito patrimoniale di solvibilità e dei fondi propri ammissibili";"périodicité TRIMESTRIEL ; type DETECTIF";"";"";""
"assurance.control.risk-appetite";"1.9";"ASSURANCE";"Contrôle-type";"assurance.process.orsa";"Évaluer les risques et la solvabilité (ORSA) et piloter le capital";"Suivi du respect des limites d’appétence au risque";"Monitoring of compliance with risk-appetite limits";"Überwachung der Einhaltung der Risikoappetit-Limite";"Seguimiento del cumplimiento de los límites de apetito al riesgo";"Monitoraggio del rispetto dei limiti di propensione al rischio";"périodicité TRIMESTRIEL ; type DETECTIF";"";"";""
"assurance.control.underwriting-delegations";"1.9";"ASSURANCE";"Contrôle-type";"assurance.process.underwrite";"Souscrire et tarifer les contrats";"Contrôle du respect des délégations de souscription";"Check of compliance with underwriting delegations";"Prüfung der Einhaltung der Zeichnungsvollmachten";"Control del cumplimiento de las delegaciones de suscripción";"Verifica del rispetto delle deleghe di sottoscrizione";"périodicité MENSUEL ; type DETECTIF";"";"";""
"assurance.control.new-business-sample";"1.9";"ASSURANCE";"Contrôle-type";"assurance.process.underwrite";"Souscrire et tarifer les contrats";"Contrôle par échantillon des affaires nouvelles (acceptation, pièces, tarif appliqué)";"Sample check of new business (acceptance, documents, tariff applied)";"Stichprobenprüfung von Neugeschäft (Annahme, Unterlagen, angewandter Tarif)";"Control por muestreo de las nuevas contrataciones (aceptación, documentos, tarifa aplicada)";"Controllo a campione dei nuovi affari (accettazione, documenti, tariffa applicata)";"périodicité MENSUEL ; type DETECTIF";"";"";""
"assurance.control.reserve-backtesting";"1.9";"ASSURANCE";"Contrôle-type";"assurance.process.reserving";"Constituer et suivre les provisions techniques";"Revue du suivi des provisions techniques (comparaison estimations / réalisé)";"Review of technical provision monitoring (estimates versus experience)";"Überprüfung der Überwachung der versicherungstechnischen Rückstellungen (Schätzung gegen Erfahrung)";"Revisión del seguimiento de las provisiones técnicas (estimaciones frente a lo realizado)";"Revisione del monitoraggio delle riserve tecniche (stime rispetto al consuntivo)";"périodicité TRIMESTRIEL ; type DETECTIF";"";"";""
"assurance.control.actuarial-data-quality";"1.9";"ASSURANCE";"Contrôle-type";"assurance.process.reserving";"Constituer et suivre les provisions techniques";"Contrôle de la qualité et de l’exhaustivité des données utilisées pour le calcul des provisions";"Check of the quality and completeness of the data used to calculate provisions";"Prüfung von Qualität und Vollständigkeit der für die Rückstellungsberechnung verwendeten Daten";"Control de la calidad y exhaustividad de los datos utilizados para calcular las provisiones";"Verifica della qualità e completezza dei dati utilizzati per il calcolo delle riserve";"périodicité TRIMESTRIEL ; type PREVENTIF";"";"";""
"assurance.control.claims-delays";"1.9";"ASSURANCE";"Contrôle-type";"assurance.process.claims";"Gérer les sinistres et indemnisations";"Contrôle du respect des délais de traitement et de règlement des sinistres";"Check of compliance with claims handling and settlement timelines";"Prüfung der Einhaltung der Fristen für Schadenbearbeitung und -regulierung";"Control del cumplimiento de los plazos de tramitación y pago de siniestros";"Verifica del rispetto dei termini di gestione e liquidazione dei sinistri";"périodicité MENSUEL ; type DETECTIF";"";"";""
"assurance.control.claims-segregation";"1.9";"ASSURANCE";"Contrôle-type";"assurance.process.claims";"Gérer les sinistres et indemnisations";"Contrôle des délégations de règlement et de la séparation des tâches en gestion des sinistres";"Check of settlement delegations and segregation of duties in claims handling";"Prüfung der Regulierungsvollmachten und der Funktionstrennung in der Schadenbearbeitung";"Control de las delegaciones de liquidación y de la separación de funciones en la gestión de siniestros";"Verifica delle deleghe di liquidazione e della separazione dei compiti nella gestione dei sinistri";"périodicité TRIMESTRIEL ; type PREVENTIF";"";"";""
"assurance.control.delegated-managers";"1.9";"ASSURANCE";"Contrôle-type";"assurance.process.claims";"Gérer les sinistres et indemnisations";"Contrôle des gestionnaires délégataires (sinistres, tiers payant, administration des contrats)";"Oversight of delegated managers (claims, third-party payment, policy administration)";"Überwachung delegierter Verwalter (Schäden, Direktabrechnung, Vertragsverwaltung)";"Control de los gestores delegados (siniestros, tercero pagador, administración de contratos)";"Controllo dei gestori delegati (sinistri, terzo pagante, amministrazione dei contratti)";"périodicité TRIMESTRIEL ; type DETECTIF";"";"";""
"assurance.control.advice-sample";"1.9";"ASSURANCE";"Contrôle-type";"assurance.process.brokers";"Animer les courtiers et distributeurs";"Contrôle par échantillon du recueil des exigences et besoins et du devoir de conseil";"Sample check of the demands-and-needs assessment and the duty of advice";"Stichprobenprüfung der Bedarfsermittlung und der Beratungspflicht";"Control por muestreo de la recogida de exigencias y necesidades y del deber de asesoramiento";"Controllo a campione della rilevazione di richieste ed esigenze e dell’obbligo di consulenza";"périodicité TRIMESTRIEL ; type DETECTIF";"";"";""
"assurance.control.intermediaries";"1.9";"ASSURANCE";"Contrôle-type";"assurance.process.brokers";"Animer les courtiers et distributeurs";"Vérification de l’immatriculation et de la formation continue des intermédiaires et du réseau";"Check of registration and continuing training of intermediaries and the network";"Prüfung von Registrierung und Weiterbildung der Vermittler und des Vertriebsnetzes";"Verificación del registro y de la formación continua de los intermediarios y de la red";"Verifica dell’iscrizione e della formazione continua degli intermediari e della rete";"périodicité SEMESTRIEL ; type PREVENTIF";"";"";""
"assurance.control.product-governance";"1.9";"ASSURANCE";"Contrôle-type";"assurance.process.brokers";"Animer les courtiers et distributeurs";"Revue de la gouvernance des produits (approbation, marché cible, revue périodique)";"Review of product governance (approval, target market, periodic review)";"Überprüfung der Produktgovernance (Genehmigung, Zielmarkt, regelmäßige Überprüfung)";"Revisión de la gobernanza de productos (aprobación, mercado objetivo, revisión periódica)";"Revisione della governance dei prodotti (approvazione, mercato di riferimento, revisione periodica)";"périodicité ANNUEL ; type PREVENTIF";"";"";""
"assurance.control.complaints";"1.9";"ASSURANCE";"Contrôle-type";"assurance.process.policy";"Administrer les contrats en cours";"Revue du traitement des réclamations des assurés et adhérents";"Review of the handling of policyholder and member complaints";"Überprüfung der Bearbeitung von Beschwerden von Versicherungsnehmern und Mitgliedern";"Revisión del tratamiento de las reclamaciones de asegurados y mutualistas";"Revisione della gestione dei reclami di assicurati e aderenti";"périodicité TRIMESTRIEL ; type DETECTIF";"";"";""
"assurance.control.investment-limits";"1.9";"ASSURANCE";"Contrôle-type";"assurance.process.investments";"Gérer les placements et la réassurance";"Contrôle du respect de la politique de placement et des limites de concentration (principe de la personne prudente)";"Check of compliance with the investment policy and concentration limits (prudent person principle)";"Prüfung der Einhaltung der Anlagepolitik und der Konzentrationslimite (Grundsatz der unternehmerischen Vorsicht)";"Control del cumplimiento de la política de inversión y de los límites de concentración (principio de prudencia)";"Verifica del rispetto della politica di investimento e dei limiti di concentrazione (principio della persona prudente)";"périodicité MENSUEL ; type DETECTIF";"";"";""
"assurance.control.reinsurance";"1.9";"ASSURANCE";"Contrôle-type";"assurance.process.investments";"Gérer les placements et la réassurance";"Revue de la couverture de réassurance et de la qualité des réassureurs";"Review of reinsurance cover and the quality of reinsurers";"Überprüfung des Rückversicherungsschutzes und der Qualität der Rückversicherer";"Revisión de la cobertura de reaseguro y de la calidad de los reaseguradores";"Revisione della copertura riassicurativa e della qualità dei riassicuratori";"périodicité ANNUEL ; type DETECTIF";"";"";""
"assurance.control.aml-life";"1.9";"ASSURANCE";"Contrôle-type";"assurance.process.aml";"Lutter contre le blanchiment et le financement du terrorisme, appliquer le gel des avoirs";"Contrôle de la connaissance client, des bénéficiaires et de la surveillance des opérations (assurance vie)";"Check of customer and beneficiary due diligence and transaction monitoring (life insurance)";"Prüfung von Kunden- und Begünstigtenidentifizierung und Transaktionsüberwachung (Lebensversicherung)";"Control del conocimiento del cliente, de los beneficiarios y de la vigilancia de operaciones (seguro de vida)";"Verifica dell’adeguata verifica di clienti e beneficiari e del monitoraggio delle operazioni (assicurazione vita)";"périodicité TRIMESTRIEL ; type DETECTIF";"";"";""
"assurance.control.asset-freeze";"1.9";"ASSURANCE";"Contrôle-type";"assurance.process.aml";"Lutter contre le blanchiment et le financement du terrorisme, appliquer le gel des avoirs";"Vérification du filtrage des listes de gel des avoirs sur le portefeuille et les bénéficiaires";"Check of asset-freeze list screening of the portfolio and beneficiaries";"Prüfung des Abgleichs von Bestand und Begünstigten mit Listen zum Einfrieren von Vermögenswerten";"Verificación del filtrado de cartera y beneficiarios con las listas de inmovilización de activos";"Verifica del filtraggio di portafoglio e beneficiari con le liste di congelamento dei beni";"périodicité MENSUEL ; type PREVENTIF";"";"";""
"assurance.control.member-contributions";"1.9";"ASSURANCE";"Contrôle-type";"assurance.process.members";"Gérer les adhérents, les cotisations et les prestations (mutuelles)";"Contrôle de l’appel des cotisations et du suivi des impayés des adhérents";"Check of contribution calls and follow-up of members’ unpaid amounts";"Prüfung der Beitragsanforderung und der Nachverfolgung offener Mitgliedsbeiträge";"Control de la emisión de cuotas y del seguimiento de los impagos de los mutualistas";"Verifica della richiesta dei contributi e del monitoraggio degli insoluti degli aderenti";"périodicité MENSUEL ; type DETECTIF";"";"";""
"assurance.control.statutes-assembly";"1.9";"ASSURANCE";"Contrôle-type";"assurance.process.members";"Gérer les adhérents, les cotisations et les prestations (mutuelles)";"Contrôle du respect des statuts et de la préparation de l’assemblée générale (convocation, quorum, votes)";"Check of compliance with the statutes and preparation of the general assembly (notice, quorum, votes)";"Prüfung der Einhaltung der Satzung und der Vorbereitung der Mitgliederversammlung (Einberufung, Beschlussfähigkeit, Abstimmungen)";"Control del cumplimiento de los estatutos y de la preparación de la asamblea general (convocatoria, quórum, votaciones)";"Verifica del rispetto dello statuto e della preparazione dell’assemblea generale (convocazione, quorum, votazioni)";"périodicité ANNUEL ; type PREVENTIF";"";"";""
"assurance.control.benefits-sample";"1.9";"ASSURANCE";"Contrôle-type";"assurance.process.members";"Gérer les adhérents, les cotisations et les prestations (mutuelles)";"Contrôle par échantillon des prestations santé et prévoyance versées (droits ouverts, tiers payant)";"Sample check of health and protection benefits paid (entitlement, third-party payment)";"Stichprobenprüfung gezahlter Gesundheits- und Vorsorgeleistungen (Anspruch, Direktabrechnung)";"Control por muestreo de las prestaciones de salud y previsión abonadas (derechos abiertos, tercero pagador)";"Controllo a campione delle prestazioni sanitarie e di previdenza erogate (diritti, terzo pagante)";"périodicité MENSUEL ; type DETECTIF";"";"";""
"assurance.control.ict-register";"1.9";"ASSURANCE";"Contrôle-type";"assurance.process.ict";"Maîtriser les risques liés aux TIC et aux prestataires";"Revue du registre d’information des accords contractuels avec les prestataires de services TIC";"Review of the register of information on contractual arrangements with ICT service providers";"Überprüfung des Informationsregisters der vertraglichen Vereinbarungen mit IKT-Drittdienstleistern";"Revisión del registro de información de los acuerdos contractuales con proveedores de servicios TIC";"Revisione del registro delle informazioni sugli accordi contrattuali con i fornitori di servizi TIC";"périodicité TRIMESTRIEL ; type DETECTIF";"";"";""
"assurance.control.critical-providers";"1.9";"ASSURANCE";"Contrôle-type";"assurance.process.ict";"Maîtriser les risques liés aux TIC et aux prestataires";"Suivi des niveaux de service et des incidents des prestataires de fonctions critiques ou importantes";"Monitoring of service levels and incidents of providers of critical or important functions";"Überwachung der Servicelevel und Vorfälle von Dienstleistern kritischer oder wichtiger Funktionen";"Seguimiento de los niveles de servicio y de los incidentes de los proveedores de funciones críticas o importantes";"Monitoraggio dei livelli di servizio e degli incidenti dei fornitori di funzioni critiche o importanti";"périodicité TRIMESTRIEL ; type DETECTIF";"";"";""
"assurance.control.resilience-testing";"1.9";"ASSURANCE";"Contrôle-type";"assurance.process.ict";"Maîtriser les risques liés aux TIC et aux prestataires";"Suivi du programme annuel de tests de résilience opérationnelle numérique et de ses remédiations";"Follow-up of the annual digital operational resilience testing programme and its remediation";"Nachverfolgung des jährlichen Testprogramms zur digitalen operationalen Resilienz und seiner Behebungsmaßnahmen";"Seguimiento del programa anual de pruebas de resiliencia operativa digital y de sus correcciones";"Monitoraggio del programma annuale di test di resilienza operativa digitale e delle relative azioni correttive";"périodicité TRIMESTRIEL ; type DETECTIF";"";"";""
"assurance.control.incident-reporting-drill";"1.9";"ASSURANCE";"Contrôle-type";"assurance.process.ict";"Maîtriser les risques liés aux TIC et aux prestataires";"Test de la chaîne de classification et de déclaration des incidents TIC majeurs";"Test of the classification and reporting chain for major ICT-related incidents";"Test der Kette zur Klassifizierung und Meldung schwerwiegender IKT-bezogener Vorfälle";"Prueba de la cadena de clasificación y notificación de incidentes graves relacionados con las TIC";"Test della catena di classificazione e notifica degli incidenti gravi connessi alle TIC";"périodicité SEMESTRIEL ; type PREVENTIF";"";"";""
"assurance.resilience.claims-continuity";"1.6";"ASSURANCE";"Plan de test de résilience";"assurance.process.claims";"Gérer les sinistres et indemnisations";"Exercice de continuité de la gestion des sinistres";"Business continuity exercise for claims handling";"Kontinuitätsübung für die Schadenbearbeitung";"Ejercicio de continuidad de la gestión de siniestros";"Esercitazione di continuità della gestione dei sinistri";"type de test SCENARIO";"";"";""
"assurance.resilience.broker-interface";"1.6";"ASSURANCE";"Plan de test de résilience";"assurance.process.brokers";"Animer les courtiers et distributeurs";"Test de compatibilité des échanges avec les distributeurs";"Compatibility test of data exchanges with distributors";"Kompatibilitätstest des Datenaustauschs mit Vertriebspartnern";"Prueba de compatibilidad de los intercambios con los distribuidores";"Test di compatibilità degli scambi con i distributori";"type de test COMPATIBILITY";"";"";""
"defense.process.programmes";"1.10";"DEFENSE";"Processus";"";"";"Conduire les programmes et les contrats de défense";"Run defense programmes and contracts";"Verteidigungsprogramme und -verträge steuern";"Dirigir los programas y contratos de defensa";"Gestire i programmi e i contratti di difesa";"";"";"";""
"defense.process.classified";"1.10";"DEFENSE";"Processus";"";"";"Protéger les informations et supports classifiés";"Protect classified information and media";"Verschlusssachen und Datenträger schützen";"Proteger la información y los soportes clasificados";"Proteggere le informazioni e i supporti classificati";"";"";"";""
"defense.process.habilitation";"1.10";"DEFENSE";"Processus";"";"";"Habiliter et suivre les personnes";"Clear and follow up personnel";"Personal sicherheitsüberprüfen und begleiten";"Habilitar y hacer el seguimiento del personal";"Abilitare e seguire il personale";"";"";"";""
"defense.process.export";"1.10";"DEFENSE";"Processus";"";"";"Contrôler les exportations et les transferts";"Control exports and transfers";"Ausfuhren und Transfers kontrollieren";"Controlar las exportaciones y transferencias";"Controllare le esportazioni e i trasferimenti";"";"";"";""
"defense.process.supply";"1.10";"DEFENSE";"Processus";"";"";"Maîtriser la chaîne d’approvisionnement et la sous-traitance";"Control the supply chain and subcontracting";"Lieferkette und Unterauftragsvergabe beherrschen";"Controlar la cadena de suministro y la subcontratación";"Controllare la catena di fornitura e il subappalto";"";"";"";""
"defense.process.sites";"1.10";"DEFENSE";"Processus";"";"";"Sécuriser les sites et les systèmes sensibles";"Secure sensitive sites and systems";"Sensible Standorte und Systeme sichern";"Proteger los sitios y sistemas sensibles";"Proteggere i siti e i sistemi sensibili";"";"";"";""
"defense.risk.classified-leak";"1.10";"DEFENSE";"Risque (événement-type)";"defense.process.classified";"Protéger les informations et supports classifiés";"Une information classifiée est divulguée à une personne non habilitée";"Classified information is disclosed to an uncleared person";"Eine Verschlusssache wird einer nicht ermächtigten Person offengelegt";"Se divulga información clasificada a una persona no habilitada";"Un’informazione classificata viene divulgata a una persona non abilitata";"";"";"";""
"defense.risk.media-loss";"1.10";"DEFENSE";"Risque (événement-type)";"defense.process.classified";"Protéger les informations et supports classifiés";"Un support classifié est perdu ou volé lors d’un transport";"A classified medium is lost or stolen in transit";"Ein Verschlusssachen-Datenträger geht beim Transport verloren oder wird gestohlen";"Un soporte clasificado se pierde o es robado durante el transporte";"Un supporto classificato viene perso o rubato durante il trasporto";"";"";"";""
"defense.risk.apt-intrusion";"1.10";"DEFENSE";"Risque (événement-type)";"defense.process.sites";"Sécuriser les sites et les systèmes sensibles";"Une intrusion étatique ciblée exfiltre des données de conception";"A state-sponsored intrusion exfiltrates design data";"Ein staatlich gesteuerter Angriff entwendet Konstruktionsdaten";"Una intrusión estatal selectiva exfiltra datos de diseño";"Un’intrusione di matrice statale esfiltra dati di progetto";"";"";"";""
"defense.risk.insider";"1.10";"DEFENSE";"Risque (événement-type)";"defense.process.habilitation";"Habiliter et suivre les personnes";"Un collaborateur habilité détourne des informations sensibles";"A cleared employee diverts sensitive information";"Ein ermächtigter Mitarbeiter entwendet sensible Informationen";"Un empleado habilitado desvía información sensible";"Un dipendente abilitato sottrae informazioni sensibili";"";"";"";""
"defense.risk.expired-clearance";"1.10";"DEFENSE";"Risque (événement-type)";"defense.process.habilitation";"Habiliter et suivre les personnes";"Une personne accède à des informations avec une habilitation échue";"A person accesses information with an expired clearance";"Eine Person greift mit abgelaufener Ermächtigung auf Informationen zu";"Una persona accede a información con una habilitación caducada";"Una persona accede a informazioni con un’abilitazione scaduta";"";"";"";""
"defense.risk.unauthorised-export";"1.10";"DEFENSE";"Risque (événement-type)";"defense.process.export";"Contrôler les exportations et les transferts";"Un bien ou une technologie sensible est exporté sans autorisation";"A sensitive good or technology is exported without authorisation";"Ein sensibles Gut oder eine Technologie wird ohne Genehmigung ausgeführt";"Un bien o tecnología sensible se exporta sin autorización";"Un bene o una tecnologia sensibile viene esportato senza autorizzazione";"";"";"";""
"defense.risk.supplier-compromise";"1.10";"DEFENSE";"Risque (événement-type)";"defense.process.supply";"Maîtriser la chaîne d’approvisionnement et la sous-traitance";"Un sous-traitant compromis sert de vecteur d’attaque";"A compromised subcontractor becomes an attack vector";"Ein kompromittierter Unterauftragnehmer dient als Angriffsvektor";"Un subcontratista comprometido sirve de vector de ataque";"Un subappaltatore compromesso diventa vettore di attacco";"";"";"";""
"defense.risk.counterfeit";"1.10";"DEFENSE";"Risque (événement-type)";"defense.process.supply";"Maîtriser la chaîne d’approvisionnement et la sous-traitance";"Un composant contrefait ou altéré est intégré à un équipement";"A counterfeit or tampered component is built into equipment";"Ein gefälschtes oder manipuliertes Bauteil wird in ein Gerät eingebaut";"Un componente falsificado o alterado se integra en un equipo";"Un componente contraffatto o alterato viene integrato in un’apparecchiatura";"";"";"";""
"defense.risk.site-intrusion";"1.10";"DEFENSE";"Risque (événement-type)";"defense.process.sites";"Sécuriser les sites et les systèmes sensibles";"Une personne non autorisée pénètre dans une zone protégée";"An unauthorised person enters a protected area";"Eine unbefugte Person betritt einen geschützten Bereich";"Una persona no autorizada entra en una zona protegida";"Una persona non autorizzata entra in un’area protetta";"";"";"";""
"defense.risk.isolated-network";"1.10";"DEFENSE";"Risque (événement-type)";"defense.process.sites";"Sécuriser les sites et les systèmes sensibles";"Un réseau cloisonné est relié par erreur à un réseau non maîtrisé";"An isolated network is connected by mistake to an uncontrolled network";"Ein abgeschottetes Netz wird versehentlich mit einem nicht beherrschten Netz verbunden";"Una red aislada se conecta por error a una red no controlada";"Una rete isolata viene collegata per errore a una rete non controllata";"";"";"";""
"defense.risk.programme-delay";"1.10";"DEFENSE";"Risque (événement-type)";"defense.process.programmes";"Conduire les programmes et les contrats de défense";"Un jalon de programme est manqué faute de capacité ou de pièces";"A programme milestone is missed for lack of capacity or parts";"Ein Programm-Meilenstein wird mangels Kapazität oder Teilen verfehlt";"Se incumple un hito del programa por falta de capacidad o piezas";"Una milestone di programma viene mancata per mancanza di capacità o di componenti";"";"";"";""
"defense.risk.key-skill";"1.10";"DEFENSE";"Risque (événement-type)";"defense.process.habilitation";"Habiliter et suivre les personnes";"Une compétence rare habilitée devient indisponible sans relève";"A rare cleared skill becomes unavailable without backup";"Eine seltene ermächtigte Kompetenz fällt ohne Vertretung aus";"Una competencia rara habilitada deja de estar disponible sin relevo";"Una competenza rara abilitata diventa indisponibile senza sostituto";"";"";"";""
"defense.control.classified-inventory";"1.10";"DEFENSE";"Contrôle-type";"defense.process.classified";"Protéger les informations et supports classifiés";"Inventaire et rapprochement des supports classifiés détenus";"Inventory and reconciliation of classified media held";"Bestandsaufnahme und Abgleich der gehaltenen Verschlusssachen-Datenträger";"Inventario y conciliación de los soportes clasificados en custodia";"Inventario e riconciliazione dei supporti classificati detenuti";"périodicité SEMESTRIEL ; type DETECTIF";"";"";""
"defense.control.need-to-know";"1.10";"DEFENSE";"Contrôle-type";"defense.process.classified";"Protéger les informations et supports classifiés";"Revue des listes d’accès aux informations classifiées (besoin d’en connaître)";"Review of access lists to classified information (need to know)";"Überprüfung der Zugangslisten zu Verschlusssachen (Kenntnis nur bei Bedarf)";"Revisión de las listas de acceso a información clasificada (necesidad de conocer)";"Revisione degli elenchi di accesso alle informazioni classificate (necessità di sapere)";"périodicité TRIMESTRIEL ; type DETECTIF";"";"";""
"defense.control.transport-chain";"1.10";"DEFENSE";"Contrôle-type";"defense.process.classified";"Protéger les informations et supports classifiés";"Contrôle par échantillon de la chaîne de transport des supports classifiés";"Sample check of the transport chain for classified media";"Stichprobenprüfung der Transportkette für Verschlusssachen-Datenträger";"Control por muestreo de la cadena de transporte de soportes clasificados";"Controllo a campione della catena di trasporto dei supporti classificati";"périodicité TRIMESTRIEL ; type DETECTIF";"";"";""
"defense.control.destruction";"1.10";"DEFENSE";"Contrôle-type";"defense.process.classified";"Protéger les informations et supports classifiés";"Vérification de la destruction tracée des supports en fin de vie";"Check of traced destruction of end-of-life media";"Prüfung der nachgewiesenen Vernichtung ausgesonderter Datenträger";"Verificación de la destrucción trazada de los soportes al final de su vida útil";"Verifica della distruzione tracciata dei supporti a fine vita";"périodicité SEMESTRIEL ; type DETECTIF";"";"";""
"defense.control.clearance-expiry";"1.10";"DEFENSE";"Contrôle-type";"defense.process.habilitation";"Habiliter et suivre les personnes";"Suivi des échéances d’habilitation et retrait des accès à l’échéance";"Follow-up of clearance expiry dates and removal of access on expiry";"Überwachung der Ablauftermine von Ermächtigungen und Entzug der Zugänge bei Ablauf";"Seguimiento de los vencimientos de habilitación y retirada de accesos al vencimiento";"Monitoraggio delle scadenze delle abilitazioni e rimozione degli accessi alla scadenza";"périodicité MENSUEL ; type PREVENTIF";"";"";""
"defense.control.clearance-need";"1.10";"DEFENSE";"Contrôle-type";"defense.process.habilitation";"Habiliter et suivre les personnes";"Revue de la justification des habilitations par poste";"Review of the justification of clearances per position";"Überprüfung der Begründung von Ermächtigungen je Stelle";"Revisión de la justificación de las habilitaciones por puesto";"Revisione della giustificazione delle abilitazioni per posizione";"périodicité ANNUEL ; type DETECTIF";"";"";""
"defense.control.awareness";"1.10";"DEFENSE";"Contrôle-type";"defense.process.habilitation";"Habiliter et suivre les personnes";"Vérification du suivi de la sensibilisation à la protection du secret";"Check that secrecy-protection awareness has been completed";"Prüfung der Teilnahme an der Geheimschutz-Sensibilisierung";"Verificación del seguimiento de la sensibilización sobre protección del secreto";"Verifica della partecipazione alla sensibilizzazione sulla protezione del segreto";"périodicité ANNUEL ; type PREVENTIF";"";"";""
"defense.control.departure-debrief";"1.10";"DEFENSE";"Contrôle-type";"defense.process.habilitation";"Habiliter et suivre les personnes";"Contrôle du débriefing et du retrait des accès au départ d’un collaborateur habilité";"Check of debriefing and access removal when a cleared employee leaves";"Prüfung der Abschlussbelehrung und des Zugangsentzugs beim Ausscheiden ermächtigter Mitarbeiter";"Control de la reunión informativa y de la retirada de accesos a la salida de un empleado habilitado";"Controllo del debriefing e della rimozione degli accessi all’uscita di un dipendente abilitato";"périodicité MENSUEL ; type DETECTIF";"";"";""
"defense.control.export-licence";"1.10";"DEFENSE";"Contrôle-type";"defense.process.export";"Contrôler les exportations et les transferts";"Contrôle des licences d’exportation avant chaque expédition ou transfert";"Check of export licences before each shipment or transfer";"Prüfung der Ausfuhrgenehmigungen vor jeder Lieferung oder Übermittlung";"Control de las licencias de exportación antes de cada envío o transferencia";"Controllo delle licenze di esportazione prima di ogni spedizione o trasferimento";"périodicité MENSUEL ; type PREVENTIF";"";"";""
"defense.control.technical-data-transfer";"1.10";"DEFENSE";"Contrôle-type";"defense.process.export";"Contrôler les exportations et les transferts";"Revue des transferts de données techniques vers l’étranger";"Review of technical data transfers abroad";"Überprüfung von Übermittlungen technischer Daten ins Ausland";"Revisión de las transferencias de datos técnicos al extranjero";"Revisione dei trasferimenti di dati tecnici verso l’estero";"périodicité TRIMESTRIEL ; type DETECTIF";"";"";""
"defense.control.end-use";"1.10";"DEFENSE";"Contrôle-type";"defense.process.export";"Contrôler les exportations et les transferts";"Vérification des certificats d’utilisation finale reçus";"Check of end-use certificates received";"Prüfung der eingegangenen Endverbleibserklärungen";"Verificación de los certificados de uso final recibidos";"Verifica dei certificati di uso finale ricevuti";"périodicité TRIMESTRIEL ; type DETECTIF";"";"";""
"defense.control.subcontractor-flowdown";"1.10";"DEFENSE";"Contrôle-type";"defense.process.supply";"Maîtriser la chaîne d’approvisionnement et la sous-traitance";"Vérification de la répercussion des clauses de sécurité chez les sous-traitants";"Check that security clauses are passed down to subcontractors";"Prüfung der Weitergabe von Sicherheitsklauseln an Unterauftragnehmer";"Verificación del traslado de las cláusulas de seguridad a los subcontratistas";"Verifica del recepimento delle clausole di sicurezza da parte dei subappaltatori";"périodicité ANNUEL ; type PREVENTIF";"";"";""
"defense.control.supplier-assessment";"1.10";"DEFENSE";"Contrôle-type";"defense.process.supply";"Maîtriser la chaîne d’approvisionnement et la sous-traitance";"Évaluation de sécurité des fournisseurs de rang 1 sensibles";"Security assessment of sensitive tier-1 suppliers";"Sicherheitsbewertung sensibler Lieferanten der ersten Ebene";"Evaluación de seguridad de los proveedores sensibles de primer nivel";"Valutazione di sicurezza dei fornitori sensibili di primo livello";"périodicité ANNUEL ; type DETECTIF";"";"";""
"defense.control.component-provenance";"1.10";"DEFENSE";"Contrôle-type";"defense.process.supply";"Maîtriser la chaîne d’approvisionnement et la sous-traitance";"Contrôle par échantillon de la provenance et de l’intégrité des composants critiques";"Sample check of provenance and integrity of critical components";"Stichprobenprüfung von Herkunft und Integrität kritischer Bauteile";"Control por muestreo de la procedencia e integridad de los componentes críticos";"Controllo a campione della provenienza e dell’integrità dei componenti critici";"périodicité TRIMESTRIEL ; type DETECTIF";"";"";""
"defense.control.physical-access-log";"1.10";"DEFENSE";"Contrôle-type";"defense.process.sites";"Sécuriser les sites et les systèmes sensibles";"Revue des journaux d’accès aux zones protégées";"Review of access logs to protected areas";"Überprüfung der Zutrittsprotokolle zu geschützten Bereichen";"Revisión de los registros de acceso a las zonas protegidas";"Revisione dei registri di accesso alle aree protette";"périodicité MENSUEL ; type DETECTIF";"";"";""
"defense.control.visitor-escort";"1.10";"DEFENSE";"Contrôle-type";"defense.process.sites";"Sécuriser les sites et les systèmes sensibles";"Contrôle par échantillon de l’accompagnement des visiteurs en zone sensible";"Sample check of visitor escorting in sensitive areas";"Stichprobenprüfung der Besucherbegleitung in sensiblen Bereichen";"Control por muestreo del acompañamiento de visitantes en zonas sensibles";"Controllo a campione dell’accompagnamento dei visitatori nelle aree sensibili";"périodicité TRIMESTRIEL ; type DETECTIF";"";"";""
"defense.control.network-isolation";"1.10";"DEFENSE";"Contrôle-type";"defense.process.sites";"Sécuriser les sites et les systèmes sensibles";"Vérification du cloisonnement des réseaux sensibles";"Check of isolation of sensitive networks";"Überprüfung der Abschottung sensibler Netze";"Verificación del aislamiento de las redes sensibles";"Verifica dell’isolamento delle reti sensibili";"périodicité TRIMESTRIEL ; type DETECTIF";"";"";""
"defense.control.removable-media";"1.10";"DEFENSE";"Contrôle-type";"defense.process.sites";"Sécuriser les sites et les systèmes sensibles";"Contrôle de l’usage des supports amovibles sur les postes sensibles";"Check of removable-media use on sensitive workstations";"Kontrolle der Nutzung von Wechseldatenträgern auf sensiblen Arbeitsplätzen";"Control del uso de soportes extraíbles en puestos sensibles";"Controllo dell’uso di supporti rimovibili sulle postazioni sensibili";"périodicité MENSUEL ; type DETECTIF";"";"";""
"defense.control.threat-hunting";"1.10";"DEFENSE";"Contrôle-type";"defense.process.sites";"Sécuriser les sites et les systèmes sensibles";"Revue des alertes de détection ciblant les données de conception";"Review of detection alerts targeting design data";"Überprüfung von Erkennungswarnungen zu Konstruktionsdaten";"Revisión de las alertas de detección sobre datos de diseño";"Revisione degli alert di rilevamento sui dati di progetto";"périodicité MENSUEL ; type DETECTIF";"";"";""
"defense.control.programme-milestones";"1.10";"DEFENSE";"Contrôle-type";"defense.process.programmes";"Conduire les programmes et les contrats de défense";"Revue des jalons de programme et des dépendances critiques";"Review of programme milestones and critical dependencies";"Überprüfung der Programm-Meilensteine und kritischen Abhängigkeiten";"Revisión de los hitos del programa y de las dependencias críticas";"Revisione delle milestone di programma e delle dipendenze critiche";"périodicité MENSUEL ; type DETECTIF";"";"";""
"defense.kri.expiring-clearances";"1.10";"DEFENSE";"KRI candidat";"defense.process.habilitation";"Habiliter et suivre les personnes";"Habilitations arrivant à échéance sans renouvellement engagé";"Clearances nearing expiry with no renewal started";"Ablaufende Ermächtigungen ohne eingeleitete Verlängerung";"Habilitaciones próximas a caducar sin renovación iniciada";"Abilitazioni in scadenza senza rinnovo avviato";"périodicité MENSUEL ; unité nombre ; dégradation à la hausse";"";"";""
"defense.kri.media-discrepancies";"1.10";"DEFENSE";"KRI candidat";"defense.process.classified";"Protéger les informations et supports classifiés";"Écarts d’inventaire des supports classifiés";"Classified media inventory discrepancies";"Abweichungen bei der Bestandsaufnahme von Verschlusssachen-Datenträgern";"Diferencias de inventario de soportes clasificados";"Discrepanze nell’inventario dei supporti classificati";"périodicité TRIMESTRIEL ; unité nombre ; dégradation à la hausse";"";"";""
"defense.kri.security-events";"1.10";"DEFENSE";"KRI candidat";"defense.process.classified";"Protéger les informations et supports classifiés";"Événements de sécurité relatifs à la protection du secret déclarés";"Reported security events relating to secrecy protection";"Gemeldete Sicherheitsereignisse zum Geheimschutz";"Eventos de seguridad notificados relativos a la protección del secreto";"Eventi di sicurezza segnalati relativi alla protezione del segreto";"périodicité MENSUEL ; unité nombre ; dégradation à la hausse";"";"";""
"defense.kri.suppliers-unassessed";"1.10";"DEFENSE";"KRI candidat";"defense.process.supply";"Maîtriser la chaîne d’approvisionnement et la sous-traitance";"Fournisseurs sensibles sans évaluation de sécurité à jour";"Sensitive suppliers without an up-to-date security assessment";"Sensible Lieferanten ohne aktuelle Sicherheitsbewertung";"Proveedores sensibles sin evaluación de seguridad actualizada";"Fornitori sensibili senza valutazione di sicurezza aggiornata";"périodicité SEMESTRIEL ; unité nombre ; dégradation à la hausse";"";"";""
"defense.kri.export-without-licence";"1.10";"DEFENSE";"KRI candidat";"defense.process.export";"Contrôler les exportations et les transferts";"Expéditions sans licence ou autorisation vérifiée avant départ";"Shipments without a licence or authorisation checked before dispatch";"Lieferungen ohne vor Versand geprüfte Genehmigung";"Envíos sin licencia o autorización verificada antes de la salida";"Spedizioni senza licenza o autorizzazione verificata prima della partenza";"périodicité MENSUEL ; unité nombre ; dégradation à la hausse";"";"";""
"defense.kri.unreviewed-access";"1.10";"DEFENSE";"KRI candidat";"defense.process.habilitation";"Habiliter et suivre les personnes";"Habilitations sans revue du besoin d’en connaître depuis plus d’un an";"Clearances without a need-to-know review for over a year";"Ermächtigungen ohne Bedarfsprüfung seit über einem Jahr";"Habilitaciones sin revisión de la necesidad de conocer desde hace más de un año";"Abilitazioni senza revisione della necessità di sapere da oltre un anno";"périodicité TRIMESTRIEL ; unité % ; dégradation à la hausse";"";"";""
"defense.kri.zone-breaches";"1.10";"DEFENSE";"KRI candidat";"defense.process.sites";"Sécuriser les sites et les systèmes sensibles";"Anomalies d’accès aux zones protégées constatées";"Access anomalies in protected areas found";"Festgestellte Zutrittsanomalien in geschützten Bereichen";"Anomalías de acceso a zonas protegidas detectadas";"Anomalie di accesso alle aree protette rilevate";"périodicité MENSUEL ; unité nombre ; dégradation à la hausse";"";"";""
"defense.kri.milestone-slip";"1.10";"DEFENSE";"KRI candidat";"defense.process.programmes";"Conduire les programmes et les contrats de défense";"Retard moyen des jalons de programme";"Average slippage of programme milestones";"Durchschnittliche Verzögerung der Programm-Meilensteine";"Retraso medio de los hitos del programa";"Ritardo medio delle milestone di programma";"périodicité MENSUEL ; unité jours ; dégradation à la hausse";"";"";""
"defense.audit.classified-handling";"1.10";"DEFENSE";"Mission d’audit type";"defense.process.classified";"Protéger les informations et supports classifiés";"Audit de la protection des supports classifiés";"Audit of the protection of classified media";"Audit des Schutzes von Verschlusssachen-Datenträgern";"Auditoría de la protección de los soportes clasificados";"Audit della protezione dei supporti classificati";"";"Les supports classifiés sont inventoriés, localisés et rapprochés régulièrement | Les accès sont limités aux personnes habilitées ayant le besoin d’en connaître | Le transport et la destruction des supports sont tracés et autorisés | Les incidents et pertes sont signalés dans les délais prévus";"";""
"defense.audit.clearance-lifecycle";"1.10";"DEFENSE";"Mission d’audit type";"defense.process.habilitation";"Habiliter et suivre les personnes";"Audit du cycle de vie des habilitations";"Audit of the clearance lifecycle";"Audit des Lebenszyklus der Ermächtigungen";"Auditoría del ciclo de vida de las habilitaciones";"Audit del ciclo di vita delle abilitazioni";"";"Chaque habilitation est justifiée par le poste et approuvée par la bonne autorité | Les échéances sont suivies et les accès retirés à l’échéance | Les départs et mutations déclenchent un débriefing et un retrait des accès | La sensibilisation est réalisée et son suivi est conservé";"";""
"defense.audit.export-control";"1.10";"DEFENSE";"Mission d’audit type";"defense.process.export";"Contrôler les exportations et les transferts";"Audit du contrôle des exportations et des transferts";"Audit of export and transfer control";"Audit der Ausfuhr- und Transferkontrolle";"Auditoría del control de exportaciones y transferencias";"Audit del controllo di esportazioni e trasferimenti";"";"Les biens et technologies sont classés avant toute expédition ou transfert | Les licences sont obtenues, suivies et leurs conditions respectées | Les transferts immatériels de données techniques sont contrôlés | Les registres sont conservés et accessibles aux autorités";"";""
"defense.audit.supply-chain";"1.10";"DEFENSE";"Mission d’audit type";"defense.process.supply";"Maîtriser la chaîne d’approvisionnement et la sous-traitance";"Audit de la maîtrise de la chaîne d’approvisionnement sensible";"Audit of sensitive supply-chain control";"Audit der Beherrschung der sensiblen Lieferkette";"Auditoría del control de la cadena de suministro sensible";"Audit del controllo della catena di fornitura sensibile";"";"Les fournisseurs sensibles sont identifiés et évalués avant contractualisation | Les exigences de sécurité sont répercutées dans les contrats et la sous-traitance en cascade | L’intégrité et la provenance des composants critiques sont vérifiées | Les écarts constatés chez un fournisseur donnent lieu à un plan d’action suivi";"";""
"education.process.teaching";"1.10";"EDUCATION";"Processus";"";"";"Dispenser les enseignements et suivre la scolarité";"Deliver teaching and follow student progress";"Lehre durchführen und Studienverlauf begleiten";"Impartir la enseñanza y seguir la escolaridad";"Erogare la didattica e seguire la carriera degli studenti";"";"";"";""
"education.process.exams";"1.10";"EDUCATION";"Processus";"";"";"Organiser les examens et délivrer les diplômes";"Run examinations and award qualifications";"Prüfungen organisieren und Abschlüsse vergeben";"Organizar los exámenes y expedir los títulos";"Organizzare gli esami e rilasciare i titoli";"";"";"";""
"education.process.research";"1.10";"EDUCATION";"Processus";"";"";"Conduire la recherche et protéger les données de recherche";"Conduct research and protect research data";"Forschung betreiben und Forschungsdaten schützen";"Realizar la investigación y proteger los datos de investigación";"Condurre la ricerca e proteggere i dati di ricerca";"";"";"";""
"education.process.students";"1.10";"EDUCATION";"Processus";"";"";"Accueillir les étudiants et gérer leurs données";"Admit students and manage their data";"Studierende aufnehmen und ihre Daten verwalten";"Acoger a los estudiantes y gestionar sus datos";"Accogliere gli studenti e gestire i loro dati";"";"";"";""
"education.process.campus-it";"1.10";"EDUCATION";"Processus";"";"";"Exploiter le système d’information et les services numériques du campus";"Operate the campus information system and digital services";"Campus-Informationssystem und digitale Dienste betreiben";"Operar el sistema de información y los servicios digitales del campus";"Gestire il sistema informativo e i servizi digitali del campus";"";"";"";""
"education.process.partners";"1.10";"EDUCATION";"Processus";"";"";"Gérer les partenariats, financements et la valorisation";"Manage partnerships, funding and technology transfer";"Partnerschaften, Finanzierung und Verwertung steuern";"Gestionar las alianzas, la financiación y la valorización";"Gestire partnership, finanziamenti e valorizzazione";"";"";"";""
"education.risk.student-data-leak";"1.10";"EDUCATION";"Risque (événement-type)";"education.process.students";"Accueillir les étudiants et gérer leurs données";"Des données d’étudiants ou de mineurs sont divulguées";"Student or minors’ data is disclosed";"Daten von Studierenden oder Minderjährigen werden offengelegt";"Se divulgan datos de estudiantes o menores";"Vengono divulgati dati di studenti o minori";"";"";"";""
"education.risk.exam-cheating";"1.10";"EDUCATION";"Risque (événement-type)";"education.process.exams";"Organiser les examens et délivrer les diplômes";"Un sujet d’examen est divulgué avant l’épreuve";"An exam paper is leaked before the test";"Eine Prüfungsaufgabe wird vor der Prüfung bekannt";"Un examen se filtra antes de la prueba";"Un testo d’esame viene divulgato prima della prova";"";"";"";""
"education.risk.grade-tampering";"1.10";"EDUCATION";"Risque (événement-type)";"education.process.exams";"Organiser les examens et délivrer les diplômes";"Des notes ou des diplômes sont modifiés frauduleusement";"Grades or diplomas are fraudulently altered";"Noten oder Abschlüsse werden betrügerisch verändert";"Se modifican fraudulentamente notas o títulos";"Voti o diplomi vengono modificati fraudolentemente";"";"";"";""
"education.risk.ransomware-campus";"1.10";"EDUCATION";"Risque (événement-type)";"education.process.campus-it";"Exploiter le système d’information et les services numériques du campus";"Un rançongiciel paralyse l’ENT, la messagerie et la scolarité";"Ransomware paralyses the learning environment, email and registry";"Ransomware legt Lernplattform, E-Mail und Studierendenverwaltung lahm";"Un ransomware paraliza el entorno digital, el correo y la secretaría";"Un ransomware paralizza l’ambiente digitale, la posta e la segreteria";"";"";"";""
"education.risk.research-theft";"1.10";"EDUCATION";"Risque (événement-type)";"education.process.research";"Conduire la recherche et protéger les données de recherche";"Des résultats de recherche sensibles sont exfiltrés avant publication ou dépôt de brevet";"Sensitive research results are exfiltrated before publication or patent filing";"Sensible Forschungsergebnisse werden vor Veröffentlichung oder Patentanmeldung entwendet";"Resultados de investigación sensibles se exfiltran antes de publicarlos o patentarlos";"Risultati di ricerca sensibili vengono esfiltrati prima della pubblicazione o del deposito del brevetto";"";"";"";""
"education.risk.research-integrity";"1.10";"EDUCATION";"Risque (événement-type)";"education.process.research";"Conduire la recherche et protéger les données de recherche";"Des données de recherche sont perdues ou altérées sans possibilité de reproduire les résultats";"Research data is lost or altered so results cannot be reproduced";"Forschungsdaten gehen verloren oder werden verändert, sodass Ergebnisse nicht reproduzierbar sind";"Se pierden o alteran datos de investigación y los resultados no son reproducibles";"I dati di ricerca vengono persi o alterati e i risultati non sono riproducibili";"";"";"";""
"education.risk.open-network";"1.10";"EDUCATION";"Risque (événement-type)";"education.process.campus-it";"Exploiter le système d’information et les services numériques du campus";"Un équipement non géré du réseau ouvert sert de point d’entrée";"An unmanaged device on the open network serves as an entry point";"Ein nicht verwaltetes Gerät im offenen Netz dient als Einfallstor";"Un equipo no gestionado de la red abierta sirve de punto de entrada";"Un dispositivo non gestito della rete aperta funge da punto di ingresso";"";"";"";""
"education.risk.account-reuse";"1.10";"EDUCATION";"Risque (événement-type)";"education.process.campus-it";"Exploiter le système d’information et les services numériques du campus";"Des comptes d’étudiants ou de chercheurs sont usurpés par hameçonnage";"Student or researcher accounts are hijacked through phishing";"Konten von Studierenden oder Forschenden werden durch Phishing übernommen";"Se usurpan cuentas de estudiantes o investigadores mediante phishing";"Gli account di studenti o ricercatori vengono sottratti tramite phishing";"";"";"";""
"education.risk.grant-misuse";"1.10";"EDUCATION";"Risque (événement-type)";"education.process.partners";"Gérer les partenariats, financements et la valorisation";"Un financement de recherche est utilisé hors des conditions de la convention";"Research funding is used outside the terms of the agreement";"Fördermittel werden außerhalb der Vertragsbedingungen verwendet";"Una financiación de investigación se utiliza fuera de las condiciones del convenio";"Un finanziamento di ricerca viene utilizzato al di fuori delle condizioni della convenzione";"";"";"";""
"education.risk.partner-leak";"1.10";"EDUCATION";"Risque (événement-type)";"education.process.partners";"Gérer les partenariats, financements et la valorisation";"Un partenaire académique ou industriel diffuse des données partagées";"An academic or industrial partner releases shared data";"Ein akademischer oder industrieller Partner gibt gemeinsam genutzte Daten weiter";"Un socio académico o industrial difunde datos compartidos";"Un partner accademico o industriale diffonde dati condivisi";"";"";"";""
"education.risk.safety-lab";"1.10";"EDUCATION";"Risque (événement-type)";"education.process.research";"Conduire la recherche et protéger les données de recherche";"Un accident de laboratoire touche des personnes ou interrompt des travaux";"A laboratory accident harms people or halts work";"Ein Laborunfall gefährdet Personen oder unterbricht Arbeiten";"Un accidente de laboratorio afecta a personas o interrumpe los trabajos";"Un incidente di laboratorio colpisce persone o interrompe i lavori";"";"";"";""
"education.risk.enrolment-outage";"1.10";"EDUCATION";"Risque (événement-type)";"education.process.students";"Accueillir les étudiants et gérer leurs données";"Une indisponibilité du système d’inscription survient en période de rentrée";"The enrolment system is unavailable during the intake period";"Das Einschreibesystem fällt in der Einschreibephase aus";"El sistema de matrícula no está disponible durante el periodo de inscripción";"Il sistema di iscrizione non è disponibile nel periodo delle iscrizioni";"";"";"";""
"education.control.student-access-review";"1.10";"EDUCATION";"Contrôle-type";"education.process.students";"Accueillir les étudiants et gérer leurs données";"Revue des accès aux dossiers d’étudiants";"Review of access to student records";"Überprüfung der Zugriffe auf Studierendenakten";"Revisión de los accesos a los expedientes de estudiantes";"Revisione degli accessi ai fascicoli degli studenti";"périodicité TRIMESTRIEL ; type DETECTIF";"";"";""
"education.control.minors-data";"1.10";"EDUCATION";"Contrôle-type";"education.process.students";"Accueillir les étudiants et gérer leurs données";"Vérification des durées de conservation des données d’étudiants et de mineurs";"Check of retention periods for student and minors’ data";"Prüfung der Aufbewahrungsfristen für Daten von Studierenden und Minderjährigen";"Verificación de los plazos de conservación de datos de estudiantes y menores";"Verifica dei tempi di conservazione dei dati di studenti e minori";"périodicité ANNUEL ; type DETECTIF";"";"";""
"education.control.processors";"1.10";"EDUCATION";"Contrôle-type";"education.process.students";"Accueillir les étudiants et gérer leurs données";"Vérification des clauses de protection des données des prestataires de services numériques éducatifs";"Check of data-protection clauses of educational digital-service providers";"Prüfung der Datenschutzklauseln digitaler Bildungsdienstleister";"Verificación de las cláusulas de protección de datos de los proveedores de servicios digitales educativos";"Verifica delle clausole di protezione dei dati dei fornitori di servizi digitali didattici";"périodicité ANNUEL ; type PREVENTIF";"";"";""
"education.control.enrolment-failover";"1.10";"EDUCATION";"Contrôle-type";"education.process.students";"Accueillir les étudiants et gérer leurs données";"Test du mode dégradé d’inscription avant la période de rentrée";"Test of the fallback enrolment procedure before the intake period";"Test des Notbetriebs der Einschreibung vor der Einschreibephase";"Prueba del modo degradado de matrícula antes del periodo de inscripción";"Test della procedura di iscrizione degradata prima del periodo delle iscrizioni";"périodicité ANNUEL ; type PREVENTIF";"";"";""
"education.control.exam-paper-custody";"1.10";"EDUCATION";"Contrôle-type";"education.process.exams";"Organiser les examens et délivrer les diplômes";"Contrôle de la chaîne de garde des sujets d’examen";"Check of the chain of custody of exam papers";"Prüfung der Verwahrkette der Prüfungsaufgaben";"Control de la cadena de custodia de los exámenes";"Controllo della catena di custodia dei testi d’esame";"périodicité SEMESTRIEL ; type PREVENTIF";"";"";""
"education.control.grade-changes";"1.10";"EDUCATION";"Contrôle-type";"education.process.exams";"Organiser les examens et délivrer les diplômes";"Revue des modifications de notes après publication";"Review of grade changes after publication";"Überprüfung von Notenänderungen nach Veröffentlichung";"Revisión de las modificaciones de notas tras la publicación";"Revisione delle modifiche ai voti dopo la pubblicazione";"périodicité MENSUEL ; type DETECTIF";"";"";""
"education.control.diploma-register";"1.10";"EDUCATION";"Contrôle-type";"education.process.exams";"Organiser les examens et délivrer les diplômes";"Rapprochement du registre des diplômes délivrés avec les décisions de jury";"Reconciliation of the diploma register with jury decisions";"Abgleich des Abschlussregisters mit den Prüfungsausschussbeschlüssen";"Conciliación del registro de títulos expedidos con las decisiones del tribunal";"Riconciliazione del registro dei diplomi rilasciati con le decisioni della commissione";"périodicité ANNUEL ; type DETECTIF";"";"";""
"education.control.remote-exam";"1.10";"EDUCATION";"Contrôle-type";"education.process.exams";"Organiser les examens et délivrer les diplômes";"Contrôle par échantillon des conditions de surveillance des examens à distance";"Sample check of invigilation conditions for remote exams";"Stichprobenprüfung der Aufsichtsbedingungen bei Fernprüfungen";"Control por muestreo de las condiciones de vigilancia de los exámenes a distancia";"Controllo a campione delle condizioni di sorveglianza degli esami a distanza";"périodicité SEMESTRIEL ; type DETECTIF";"";"";""
"education.control.research-data-backup";"1.10";"EDUCATION";"Contrôle-type";"education.process.research";"Conduire la recherche et protéger les données de recherche";"Test de restauration des données de recherche";"Restoration test of research data";"Wiederherstellungstest der Forschungsdaten";"Prueba de restauración de los datos de investigación";"Test di ripristino dei dati di ricerca";"périodicité SEMESTRIEL ; type DETECTIF";"";"";""
"education.control.sensitive-labs";"1.10";"EDUCATION";"Contrôle-type";"education.process.research";"Conduire la recherche et protéger les données de recherche";"Revue des accès aux laboratoires et données sensibles (zones à régime restrictif)";"Review of access to sensitive laboratories and data (restricted zones)";"Überprüfung der Zugänge zu sensiblen Laboren und Daten (Zonen mit Zugangsbeschränkung)";"Revisión de los accesos a laboratorios y datos sensibles (zonas restringidas)";"Revisione degli accessi a laboratori e dati sensibili (zone a regime restrittivo)";"périodicité TRIMESTRIEL ; type DETECTIF";"";"";""
"education.control.foreign-collab";"1.10";"EDUCATION";"Contrôle-type";"education.process.research";"Conduire la recherche et protéger les données de recherche";"Examen des collaborations et accueils de chercheurs étrangers sur les domaines sensibles";"Review of collaborations and visiting foreign researchers in sensitive fields";"Prüfung von Kooperationen und Gastforschenden aus dem Ausland in sensiblen Bereichen";"Examen de las colaboraciones y acogidas de investigadores extranjeros en ámbitos sensibles";"Esame delle collaborazioni e degli ospiti ricercatori stranieri in ambiti sensibili";"périodicité SEMESTRIEL ; type PREVENTIF";"";"";""
"education.control.lab-notebook";"1.10";"EDUCATION";"Contrôle-type";"education.process.research";"Conduire la recherche et protéger les données de recherche";"Contrôle par échantillon de la traçabilité des cahiers de laboratoire et jeux de données";"Sample check of lab-notebook and dataset traceability";"Stichprobenprüfung der Nachvollziehbarkeit von Laborbüchern und Datensätzen";"Control por muestreo de la trazabilidad de los cuadernos de laboratorio y conjuntos de datos";"Controllo a campione della tracciabilità dei quaderni di laboratorio e dei dataset";"périodicité ANNUEL ; type DETECTIF";"";"";""
"education.control.lab-safety-inspection";"1.10";"EDUCATION";"Contrôle-type";"education.process.research";"Conduire la recherche et protéger les données de recherche";"Vérification des inspections de sécurité des laboratoires";"Check of laboratory safety inspections";"Prüfung der Sicherheitsbegehungen der Labore";"Verificación de las inspecciones de seguridad de los laboratorios";"Verifica delle ispezioni di sicurezza dei laboratori";"périodicité SEMESTRIEL ; type DETECTIF";"";"";""
"education.control.mfa-accounts";"1.10";"EDUCATION";"Contrôle-type";"education.process.campus-it";"Exploiter le système d’information et les services numériques du campus";"Vérification de l’authentification renforcée des comptes à privilèges et de recherche";"Check of strong authentication for privileged and research accounts";"Prüfung der starken Authentifizierung privilegierter Konten und Forschungskonten";"Verificación de la autenticación reforzada de las cuentas privilegiadas y de investigación";"Verifica dell’autenticazione forte per gli account privilegiati e di ricerca";"périodicité TRIMESTRIEL ; type DETECTIF";"";"";""
"education.control.unmanaged-devices";"1.10";"EDUCATION";"Contrôle-type";"education.process.campus-it";"Exploiter le système d’information et les services numériques du campus";"Détection des équipements non gérés sur le réseau";"Detection of unmanaged devices on the network";"Erkennung nicht verwalteter Geräte im Netz";"Detección de equipos no gestionados en la red";"Rilevamento dei dispositivi non gestiti sulla rete";"périodicité MENSUEL ; type DETECTIF";"";"";""
"education.control.phishing-awareness";"1.10";"EDUCATION";"Contrôle-type";"education.process.campus-it";"Exploiter le système d’information et les services numériques du campus";"Exercice de sensibilisation à l’hameçonnage pour étudiants et personnels";"Phishing awareness exercise for students and staff";"Phishing-Sensibilisierungsübung für Studierende und Beschäftigte";"Ejercicio de sensibilización sobre phishing para estudiantes y personal";"Esercitazione di sensibilizzazione sul phishing per studenti e personale";"périodicité SEMESTRIEL ; type PREVENTIF";"";"";""
"education.control.learning-platform-backup";"1.10";"EDUCATION";"Contrôle-type";"education.process.campus-it";"Exploiter le système d’information et les services numériques du campus";"Test de reprise des plateformes pédagogiques et de la scolarité";"Recovery test of learning platforms and student registry";"Wiederanlauftest von Lernplattformen und Studierendenverwaltung";"Prueba de recuperación de las plataformas pedagógicas y de la secretaría";"Test di ripristino delle piattaforme didattiche e della segreteria";"périodicité SEMESTRIEL ; type DETECTIF";"";"";""
"education.control.funding-eligibility";"1.10";"EDUCATION";"Contrôle-type";"education.process.partners";"Gérer les partenariats, financements et la valorisation";"Contrôle par échantillon de l’éligibilité des dépenses imputées aux financements de recherche";"Sample check of eligibility of expenses charged to research funding";"Stichprobenprüfung der Förderfähigkeit von Ausgaben auf Forschungsmittel";"Control por muestreo de la elegibilidad de los gastos imputados a financiación de investigación";"Controllo a campione dell’ammissibilità delle spese imputate ai finanziamenti di ricerca";"périodicité TRIMESTRIEL ; type DETECTIF";"";"";""
"education.control.partner-agreements";"1.10";"EDUCATION";"Contrôle-type";"education.process.partners";"Gérer les partenariats, financements et la valorisation";"Vérification des clauses de confidentialité et de propriété intellectuelle des conventions de partenariat";"Check of confidentiality and IP clauses in partnership agreements";"Prüfung der Vertraulichkeits- und IP-Klauseln in Kooperationsverträgen";"Verificación de las cláusulas de confidencialidad y propiedad intelectual de los convenios de colaboración";"Verifica delle clausole di riservatezza e proprietà intellettuale degli accordi di partnership";"périodicité ANNUEL ; type PREVENTIF";"";"";""
"education.control.exam-room-access";"1.10";"EDUCATION";"Contrôle-type";"education.process.exams";"Organiser les examens et délivrer les diplômes";"Contrôle par échantillon de l’identité des candidats et des accès aux salles d’examen";"Sample check of candidate identity and access to exam rooms";"Stichprobenprüfung der Identität der Prüflinge und des Zutritts zu Prüfungsräumen";"Control por muestreo de la identidad de los candidatos y del acceso a las salas de examen";"Controllo a campione dell’identità dei candidati e dell’accesso alle aule d’esame";"périodicité SEMESTRIEL ; type DETECTIF";"";"";""
"education.kri.phishing-reports";"1.10";"EDUCATION";"KRI candidat";"education.process.campus-it";"Exploiter le système d’information et les services numériques du campus";"Comptes étudiants ou personnels compromis";"Compromised student or staff accounts";"Kompromittierte Studierenden- oder Mitarbeiterkonten";"Cuentas de estudiantes o personal comprometidas";"Account di studenti o personale compromessi";"périodicité MENSUEL ; unité nombre ; dégradation à la hausse";"";"";""
"education.kri.platform-availability";"1.10";"EDUCATION";"KRI candidat";"education.process.campus-it";"Exploiter le système d’information et les services numériques du campus";"Disponibilité de l’environnement numérique de travail en période d’examens";"Availability of the learning environment during exam periods";"Verfügbarkeit der Lernumgebung in Prüfungsphasen";"Disponibilidad del entorno digital de trabajo en periodos de exámenes";"Disponibilità dell’ambiente digitale di lavoro nei periodi d’esame";"périodicité MENSUEL ; unité % ; dégradation à la baisse";"";"";""
"education.kri.unmanaged";"1.10";"EDUCATION";"KRI candidat";"education.process.campus-it";"Exploiter le système d’information et les services numériques du campus";"Équipements non gérés détectés sur le réseau";"Unmanaged devices detected on the network";"Im Netz erkannte nicht verwaltete Geräte";"Equipos no gestionados detectados en la red";"Dispositivi non gestiti rilevati sulla rete";"périodicité MENSUEL ; unité nombre ; dégradation à la hausse";"";"";""
"education.kri.grade-corrections";"1.10";"EDUCATION";"KRI candidat";"education.process.exams";"Organiser les examens et délivrer les diplômes";"Corrections de notes après publication";"Grade corrections after publication";"Notenkorrekturen nach Veröffentlichung";"Correcciones de notas tras la publicación";"Correzioni dei voti dopo la pubblicazione";"périodicité MENSUEL ; unité nombre ; dégradation à la hausse";"";"";""
"education.kri.data-requests";"1.10";"EDUCATION";"KRI candidat";"education.process.students";"Accueillir les étudiants et gérer leurs données";"Demandes d’exercice de droits sur des données d’étudiants traitées hors délai";"Student data-rights requests handled late";"Verspätet bearbeitete Betroffenenanfragen von Studierenden";"Solicitudes de ejercicio de derechos de estudiantes tramitadas fuera de plazo";"Richieste di esercizio dei diritti degli studenti gestite in ritardo";"périodicité MENSUEL ; unité nombre ; dégradation à la hausse";"";"";""
"education.kri.research-restore-age";"1.10";"EDUCATION";"KRI candidat";"education.process.research";"Conduire la recherche et protéger les données de recherche";"Ancienneté du dernier test de restauration des données de recherche";"Age of the last research-data restoration test";"Alter des letzten Wiederherstellungstests der Forschungsdaten";"Antigüedad de la última prueba de restauración de datos de investigación";"Anzianità dell’ultimo test di ripristino dei dati di ricerca";"périodicité MENSUEL ; unité jours ; dégradation à la hausse";"";"";""
"education.kri.lab-incidents";"1.10";"EDUCATION";"KRI candidat";"education.process.research";"Conduire la recherche et protéger les données de recherche";"Incidents de sécurité en laboratoire déclarés";"Reported laboratory safety incidents";"Gemeldete Sicherheitsvorfälle im Labor";"Incidentes de seguridad en laboratorio notificados";"Incidenti di sicurezza di laboratorio segnalati";"périodicité TRIMESTRIEL ; unité nombre ; dégradation à la hausse";"";"";""
"education.kri.funding-ineligible";"1.10";"EDUCATION";"KRI candidat";"education.process.partners";"Gérer les partenariats, financements et la valorisation";"Dépenses de recherche contestées ou inéligibles relevées";"Contested or ineligible research expenses found";"Beanstandete oder nicht förderfähige Forschungsausgaben";"Gastos de investigación impugnados o no elegibles detectados";"Spese di ricerca contestate o non ammissibili rilevate";"périodicité TRIMESTRIEL ; unité nombre ; dégradation à la hausse";"";"";""
"education.audit.student-data";"1.10";"EDUCATION";"Mission d’audit type";"education.process.students";"Accueillir les étudiants et gérer leurs données";"Audit de la protection des données d’étudiants";"Audit of student data protection";"Audit des Schutzes von Studierendendaten";"Auditoría de la protección de datos de estudiantes";"Audit della protezione dei dati degli studenti";"";"Les accès aux dossiers sont limités aux fonctions concernées et tracés | Les durées de conservation sont définies et appliquées | Les outils numériques éducatifs sont encadrés par un contrat de sous-traitance | Les demandes d’exercice de droits sont traitées dans les délais";"";""
"education.audit.exams";"1.10";"EDUCATION";"Mission d’audit type";"education.process.exams";"Organiser les examens et délivrer les diplômes";"Audit de l’intégrité des examens et des diplômes";"Audit of exam and diploma integrity";"Audit der Integrität von Prüfungen und Abschlüssen";"Auditoría de la integridad de exámenes y títulos";"Audit dell’integrità di esami e diplomi";"";"Les sujets sont protégés de leur conception à leur passation | Les notes ne peuvent être modifiées qu’avec une justification tracée | Les décisions de jury sont conservées et rapprochées des diplômes délivrés | Les examens à distance disposent de garanties de surveillance proportionnées";"";""
"education.audit.research-protection";"1.10";"EDUCATION";"Mission d’audit type";"education.process.research";"Conduire la recherche et protéger les données de recherche";"Audit de la protection des données et résultats de recherche";"Audit of the protection of research data and results";"Audit des Schutzes von Forschungsdaten und -ergebnissen";"Auditoría de la protección de los datos y resultados de investigación";"Audit della protezione dei dati e dei risultati di ricerca";"";"Les travaux sensibles sont identifiés et leurs accès restreints | Les données de recherche sont sauvegardées et restaurables | Les collaborations extérieures sont encadrées par une convention | L’accueil de chercheurs extérieurs suit une procédure de vérification";"";""
"education.audit.campus-resilience";"1.10";"EDUCATION";"Mission d’audit type";"education.process.campus-it";"Exploiter le système d’information et les services numériques du campus";"Audit de la continuité des services numériques du campus";"Audit of campus digital-service continuity";"Audit der Kontinuität der digitalen Campus-Dienste";"Auditoría de la continuidad de los servicios digitales del campus";"Audit della continuità dei servizi digitali del campus";"";"Les services critiques de la période de rentrée et d’examens sont identifiés | Les sauvegardes sont isolées et des restaurations sont testées | Le réseau ouvert est séparé des systèmes sensibles | Un mode dégradé et des communications de crise sont prévus";"";""
"energie.process.operate";"1.7";"ENERGIE";"Processus";"core.process.deliver";"Fournir les produits ou services";"Exploiter les réseaux et installations";"Operate networks and facilities";"Netze und Anlagen betreiben";"Operar redes e instalaciones";"Gestire reti e impianti";"";"";"";""
"energie.process.dispatch";"1.7";"ENERGIE";"Processus";"core.process.deliver";"Fournir les produits ou services";"Équilibrer la production et la demande";"Balance supply and demand";"Erzeugung und Verbrauch ausgleichen";"Equilibrar producción y demanda";"Bilanciare produzione e domanda";"";"";"";""
"energie.process.field";"1.7";"ENERGIE";"Processus";"core.process.deliver";"Fournir les produits ou services";"Intervenir sur le terrain";"Carry out field operations";"Arbeiten vor Ort durchführen";"Intervenir sobre el terreno";"Eseguire interventi sul campo";"";"";"";""
"energie.process.metering";"1.7";"ENERGIE";"Processus";"core.process.deliver";"Fournir les produits ou services";"Relever, facturer et gérer les clients";"Meter, bill and serve customers";"Zählerstände erfassen, abrechnen und Kunden betreuen";"Medir, facturar y atender a los clientes";"Misurare, fatturare e gestire i clienti";"";"";"";""
"energie.risk.scada";"1.7";"ENERGIE";"Risque (événement-type)";"energie.process.operate";"Exploiter les réseaux et installations";"Une intrusion sur un système de conduite perturbe la distribution";"An intrusion into a control system disrupts distribution";"Ein Eindringen in ein Leitsystem stört die Versorgung";"Una intrusión en un sistema de control perturba la distribución";"Un’intrusione in un sistema di controllo perturba la distribuzione";"";"";"";""
"energie.risk.outage";"1.7";"ENERGIE";"Risque (événement-type)";"energie.process.operate";"Exploiter les réseaux et installations";"Une panne d’équipement interrompt l’alimentation de clients";"Equipment failure cuts supply to customers";"Ein Geräteausfall unterbricht die Versorgung von Kunden";"Una avería de equipo interrumpe el suministro a clientes";"Un guasto di un’apparecchiatura interrompe la fornitura ai clienti";"";"";"";""
"energie.risk.imbalance";"1.7";"ENERGIE";"Risque (événement-type)";"energie.process.dispatch";"Équilibrer la production et la demande";"Une erreur de prévision provoque un déséquilibre du réseau";"A forecasting error causes a grid imbalance";"Ein Prognosefehler verursacht ein Netzungleichgewicht";"Un error de previsión provoca un desequilibrio de la red";"Un errore di previsione provoca uno squilibrio della rete";"";"";"";""
"energie.risk.field-safety";"1.7";"ENERGIE";"Risque (événement-type)";"energie.process.field";"Intervenir sur le terrain";"Un accident survient lors d’une intervention terrain";"An accident occurs during field work";"Bei einem Einsatz vor Ort ereignet sich ein Unfall";"Se produce un accidente durante una intervención sobre el terreno";"Si verifica un incidente durante un intervento sul campo";"";"";"";""
"energie.risk.contractor-access";"1.7";"ENERGIE";"Risque (événement-type)";"energie.process.field";"Intervenir sur le terrain";"Un prestataire de maintenance accède aux installations sans contrôle";"A maintenance contractor accesses facilities without oversight";"Ein Wartungsdienstleister greift unkontrolliert auf Anlagen zu";"Un contratista de mantenimiento accede a las instalaciones sin control";"Un fornitore di manutenzione accede agli impianti senza controllo";"";"";"";""
"energie.risk.metering-error";"1.7";"ENERGIE";"Risque (événement-type)";"energie.process.metering";"Relever, facturer et gérer les clients";"Des relevés erronés faussent la facturation";"Incorrect meter readings distort billing";"Fehlerhafte Zählerstände verfälschen die Abrechnung";"Lecturas erróneas falsean la facturación";"Letture errate falsano la fatturazione";"";"";"";""
"energie.risk.customer-data";"1.7";"ENERGIE";"Risque (événement-type)";"energie.process.metering";"Relever, facturer et gérer les clients";"Des données de consommation de clients sont divulguées";"Customer consumption data is disclosed";"Verbrauchsdaten von Kunden werden offengelegt";"Se divulgan datos de consumo de clientes";"Vengono divulgati i dati di consumo dei clienti";"";"";"";""
"energie.control.ot-access";"1.7";"ENERGIE";"Contrôle-type";"energie.process.operate";"Exploiter les réseaux et installations";"Revue des comptes et accès aux systèmes de conduite";"Review of accounts and access to control systems";"Überprüfung der Konten und Zugriffe auf Leitsysteme";"Revisión de cuentas y accesos a los sistemas de control";"Revisione degli account e degli accessi ai sistemi di controllo";"périodicité TRIMESTRIEL ; type DETECTIF";"";"";""
"energie.control.field-permits";"1.7";"ENERGIE";"Contrôle-type";"energie.process.field";"Intervenir sur le terrain";"Contrôle par échantillon des autorisations de travail sur site";"Sample check of on-site work permits";"Stichprobenprüfung der Arbeitsfreigaben vor Ort";"Control por muestreo de los permisos de trabajo in situ";"Controllo a campione dei permessi di lavoro in sito";"périodicité MENSUEL ; type DETECTIF";"";"";""
"energie.kri.interruption-duration";"1.7";"ENERGIE";"KRI candidat";"energie.process.operate";"Exploiter les réseaux et installations";"Durée moyenne de coupure par client";"Average interruption duration per customer";"Durchschnittliche Unterbrechungsdauer je Kunde";"Duración media de interrupción por cliente";"Durata media di interruzione per cliente";"périodicité MENSUEL ; unité minutes ; dégradation à la hausse";"";"";""
"energie.kri.overdue-ot-patches";"1.7";"ENERGIE";"KRI candidat";"energie.process.operate";"Exploiter les réseaux et installations";"Équipements de conduite dont les correctifs de sécurité sont en retard";"Control system equipment with overdue security patches";"Leittechnik-Komponenten mit überfälligen Sicherheitsupdates";"Equipos de control con parches de seguridad atrasados";"Apparecchiature di controllo con patch di sicurezza in ritardo";"périodicité TRIMESTRIEL ; unité nombre ; dégradation à la hausse";"";"";""
"energie.audit.operations";"1.7";"ENERGIE";"Mission d’audit type";"energie.process.operate";"Exploiter les réseaux et installations";"Audit de la sécurité de l’exploitation des installations";"Audit of facility operations security";"Audit der Betriebssicherheit der Anlagen";"Auditoría de la seguridad de la explotación de las instalaciones";"Audit della sicurezza dell’esercizio degli impianti";"";"Les systèmes de conduite sont inventoriés et cloisonnés | Les interventions des prestataires sont autorisées, accompagnées et tracées | Un fonctionnement manuel ou dégradé est prévu et exercé | Les incidents d’exploitation sont analysés et leurs causes traitées";"";""
"industrie.process.produce";"1.0";"INDUSTRIE";"Processus";"core.process.deliver";"Fournir les produits ou services";"Produire et assembler";"Manufacture and assemble";"Produzieren und montieren";"Producir y ensamblar";"Produrre e assemblare";"";"";"";""
"industrie.process.maintain";"1.0";"INDUSTRIE";"Processus";"core.process.deliver";"Fournir les produits ou services";"Maintenir les équipements industriels";"Maintain industrial equipment";"Industrieanlagen instand halten";"Mantener equipos industriales";"Manutenere impianti industriali";"";"";"";""
"industrie.process.quality";"1.0";"INDUSTRIE";"Processus";"core.process.deliver";"Fournir les produits ou services";"Contrôler la qualité des produits";"Control product quality";"Produktqualität prüfen";"Controlar la calidad del producto";"Controllare la qualità dei prodotti";"";"";"";""
"industrie.process.supply";"1.0";"INDUSTRIE";"Processus";"core.process.buy";"Acheter et piloter les fournisseurs";"Planifier les approvisionnements";"Plan supplies";"Beschaffung planen";"Planificar suministros";"Pianificare gli approvvigionamenti";"";"";"";""
"industrie.risk.ot-stop";"1.0";"INDUSTRIE";"Risque (événement-type)";"industrie.process.produce";"Produire et assembler";"Une panne ou intrusion arrête la production";"An outage or intrusion stops production";"Ein Ausfall oder Angriff stoppt die Produktion";"Una avería o intrusión detiene la producción";"Un guasto o attacco ferma la produzione";"";"";"";""
"industrie.risk.quality";"1.0";"INDUSTRIE";"Risque (événement-type)";"industrie.process.quality";"Contrôler la qualité des produits";"Un lot défectueux échappe au contrôle qualité";"A defective batch passes quality checks";"Eine fehlerhafte Charge besteht die Qualitätskontrolle";"Un lote defectuoso supera el control de calidad";"Un lotto difettoso supera il controllo qualità";"";"";"";""
"industrie.risk.spares";"1.0";"INDUSTRIE";"Risque (événement-type)";"industrie.process.maintain";"Maintenir les équipements industriels";"Une pièce de rechange critique manque";"A critical spare part is unavailable";"Ein kritisches Ersatzteil fehlt";"Falta una pieza de repuesto crítica";"Manca un ricambio critico";"";"";"";""
"industrie.risk.supplier";"1.0";"INDUSTRIE";"Risque (événement-type)";"industrie.process.supply";"Planifier les approvisionnements";"Une rupture fournisseur bloque une ligne de production";"A supplier disruption blocks a production line";"Ein Lieferausfall blockiert eine Produktionslinie";"Una interrupción del proveedor bloquea una línea";"Un’interruzione del fornitore blocca una linea";"";"";"";""
"industrie.risk.traceability";"1.0";"INDUSTRIE";"Risque (événement-type)";"industrie.process.quality";"Contrôler la qualité des produits";"La traçabilité d’un lot devient incomplète";"A batch loses traceability";"Die Rückverfolgbarkeit einer Charge geht verloren";"Se pierde la trazabilidad de un lote";"Si perde la tracciabilità di un lotto";"";"";"";""
"industrie.risk.safety";"1.1";"INDUSTRIE";"Risque (événement-type)";"industrie.process.produce";"Produire et assembler";"Une défaillance de contrôle met en danger la sécurité des personnes";"A control failure endangers people’s safety";"Ein Steuerungsfehler gefährdet die Sicherheit von Personen";"Un fallo de control pone en peligro la seguridad de las personas";"Un guasto di controllo mette in pericolo la sicurezza delle persone";"";"";"";""
"industrie.risk.remote-maintenance";"1.1";"INDUSTRIE";"Risque (événement-type)";"industrie.process.maintain";"Maintenir les équipements industriels";"Un accès de télémaintenance est détourné";"A remote-maintenance access is hijacked";"Ein Fernwartungszugang wird missbraucht";"Se secuestra un acceso de telemantenimiento";"Un accesso di teleassistenza viene sfruttato in modo illecito";"";"";"";""
"industrie.control.remote-access";"1.5";"INDUSTRIE";"Contrôle-type";"industrie.process.maintain";"Maintenir les équipements industriels";"Revue des accès de télémaintenance aux équipements industriels";"Review of remote-maintenance access to industrial equipment";"Überprüfung der Fernwartungszugänge zu Industrieanlagen";"Revisión de los accesos de telemantenimiento a los equipos industriales";"Revisione degli accessi di teleassistenza alle apparecchiature industriali";"périodicité TRIMESTRIEL ; type DETECTIF";"";"";""
"industrie.control.batch-release";"1.5";"INDUSTRIE";"Contrôle-type";"industrie.process.quality";"Contrôler la qualité des produits";"Contrôle par échantillon des libérations de lots";"Sample check of batch releases";"Stichprobenprüfung der Chargenfreigaben";"Control por muestreo de la liberación de lotes";"Controllo a campione dei rilasci dei lotti";"périodicité MENSUEL ; type DETECTIF";"";"";""
"industrie.kri.unplanned-stops";"1.5";"INDUSTRIE";"KRI candidat";"industrie.process.produce";"Produire et assembler";"Heures d’arrêt non planifié de production";"Hours of unplanned production stoppage";"Stunden ungeplanter Produktionsstillstände";"Horas de parada no planificada de producción";"Ore di fermo produzione non pianificato";"périodicité MENSUEL ; unité heures ; dégradation à la hausse";"";"";""
"industrie.kri.unsupported-ot";"1.5";"INDUSTRIE";"KRI candidat";"industrie.process.maintain";"Maintenir les équipements industriels";"Équipements industriels dont le système n’est plus maintenu";"Industrial equipment running unsupported systems";"Industrieanlagen mit nicht mehr unterstützten Systemen";"Equipos industriales con sistemas sin soporte";"Apparecchiature industriali con sistemi non più supportati";"périodicité TRIMESTRIEL ; unité nombre ; dégradation à la hausse";"";"";""
"industrie.audit.ot";"1.5";"INDUSTRIE";"Mission d’audit type";"industrie.process.produce";"Produire et assembler";"Audit de la sécurité des systèmes industriels";"Audit of industrial control system security";"Audit der Sicherheit industrieller Steuerungssysteme";"Auditoría de la seguridad de los sistemas industriales";"Audit della sicurezza dei sistemi industriali";"";"Une cartographie à jour des équipements et des flux existe | Les réseaux industriels sont séparés des réseaux de gestion | Les accès de télémaintenance sont nominatifs, limités et tracés | Un mode de fonctionnement dégradé ou manuel est prévu et exercé";"";""
"saas.process.build";"1.0";"SAAS";"Processus";"core.process.deliver";"Fournir les produits ou services";"Développer et livrer le logiciel";"Build and deliver software";"Software entwickeln und ausliefern";"Desarrollar y entregar software";"Sviluppare e distribuire software";"";"";"";""
"saas.process.host";"1.0";"SAAS";"Processus";"core.process.digital";"Exploiter les systèmes et les données";"Héberger et exploiter la plateforme";"Host and operate the platform";"Plattform hosten und betreiben";"Alojar y operar la plataforma";"Ospitare e gestire la piattaforma";"";"";"";""
"saas.process.support";"1.0";"SAAS";"Processus";"core.process.deliver";"Fournir les produits ou services";"Assister les clients et résoudre les incidents";"Support customers and resolve incidents";"Kunden unterstützen und Störungen beheben";"Atender a clientes y resolver incidencias";"Assistere i clienti e risolvere incidenti";"";"";"";""
"saas.process.onboard";"1.0";"SAAS";"Processus";"core.process.deliver";"Fournir les produits ou services";"Configurer et intégrer les nouveaux clients";"Configure and onboard new customers";"Neue Kunden einrichten und integrieren";"Configurar e incorporar nuevos clientes";"Configurare e integrare nuovi clienti";"";"";"";""
"saas.risk.release";"1.0";"SAAS";"Risque (événement-type)";"saas.process.build";"Développer et livrer le logiciel";"Une mise en production interrompt des clients";"A release disrupts customers";"Ein Release unterbricht Kundendienste";"Una versión interrumpe servicios a clientes";"Un rilascio interrompe i servizi ai clienti";"";"";"";""
"saas.risk.tenant-isolation";"1.0";"SAAS";"Risque (événement-type)";"saas.process.host";"Héberger et exploiter la plateforme";"Les données d’un client deviennent visibles à un autre";"One customer sees another customer’s data";"Ein Kunde sieht Daten eines anderen Kunden";"Un cliente ve datos de otro cliente";"Un cliente vede i dati di un altro cliente";"";"";"";""
"saas.risk.cloud-outage";"1.0";"SAAS";"Risque (événement-type)";"saas.process.host";"Héberger et exploiter la plateforme";"Une dépendance cloud rend la plateforme indisponible";"A cloud dependency makes the platform unavailable";"Eine Cloud-Abhängigkeit legt die Plattform lahm";"Una dependencia de nube deja inactiva la plataforma";"Una dipendenza cloud rende indisponibile la piattaforma";"";"";"";""
"saas.risk.support-access";"1.0";"SAAS";"Risque (événement-type)";"saas.process.support";"Assister les clients et résoudre les incidents";"Un accès de support expose des données client";"Support access exposes customer data";"Support-Zugriff legt Kundendaten offen";"El acceso de soporte expone datos de clientes";"L’accesso di supporto espone dati cliente";"";"";"";""
"saas.risk.integration";"1.0";"SAAS";"Risque (événement-type)";"saas.process.onboard";"Configurer et intégrer les nouveaux clients";"Une intégration client échoue sans détection";"A customer integration fails undetected";"Eine Kundenintegration scheitert unbemerkt";"Una integración de cliente falla sin detectarse";"Un’integrazione cliente fallisce senza essere rilevata";"";"";"";""
"saas.risk.secrets";"1.1";"SAAS";"Risque (événement-type)";"saas.process.build";"Développer et livrer le logiciel";"Des secrets ou clés d’API sont publiés par erreur";"Secrets or API keys are published by mistake";"Geheimnisse oder API-Schlüssel werden versehentlich veröffentlicht";"Se publican por error secretos o claves de API";"Segreti o chiavi API vengono pubblicati per errore";"";"";"";""
"saas.risk.tenant-restore";"1.1";"SAAS";"Risque (événement-type)";"saas.process.host";"Héberger et exploiter la plateforme";"Les données d’un client ne peuvent pas être restaurées isolément";"One customer’s data cannot be restored on its own";"Die Daten eines Kunden lassen sich nicht einzeln wiederherstellen";"Los datos de un cliente no se pueden restaurar por separado";"I dati di un cliente non possono essere ripristinati separatamente";"";"";"";""
"saas.control.release-review";"1.5";"SAAS";"Contrôle-type";"saas.process.build";"Développer et livrer le logiciel";"Revue des mises en production sans validation ni plan de retour arrière";"Review of releases without approval or rollback plan";"Überprüfung von Releases ohne Freigabe oder Rückfallplan";"Revisión de las puestas en producción sin validación ni plan de vuelta atrás";"Revisione dei rilasci senza approvazione né piano di rollback";"périodicité MENSUEL ; type DETECTIF";"";"";""
"saas.control.support-access";"1.5";"SAAS";"Contrôle-type";"saas.process.support";"Assister les clients et résoudre les incidents";"Revue des accès du support aux environnements clients";"Review of support access to customer environments";"Überprüfung der Support-Zugriffe auf Kundenumgebungen";"Revisión de los accesos del soporte a los entornos de clientes";"Revisione degli accessi del supporto agli ambienti dei clienti";"périodicité MENSUEL ; type DETECTIF";"";"";""
"saas.kri.failed-changes";"1.5";"SAAS";"KRI candidat";"saas.process.build";"Développer et livrer le logiciel";"Taux de mises en production suivies d’un incident";"Rate of releases followed by an incident";"Quote der Releases mit nachfolgendem Vorfall";"Tasa de puestas en producción seguidas de un incidente";"Tasso di rilasci seguiti da un incidente";"périodicité MENSUEL ; unité % ; dégradation à la hausse";"";"";""
"saas.kri.platform-availability";"1.5";"SAAS";"KRI candidat";"saas.process.host";"Héberger et exploiter la plateforme";"Disponibilité de la plateforme pour les clients";"Platform availability for customers";"Verfügbarkeit der Plattform für Kunden";"Disponibilidad de la plataforma para los clientes";"Disponibilità della piattaforma per i clienti";"périodicité MENSUEL ; unité % ; dégradation à la baisse";"";"";""
"saas.audit.change";"1.5";"SAAS";"Mission d’audit type";"saas.process.build";"Développer et livrer le logiciel";"Audit de la gestion des changements et des mises en production";"Audit of change and release management";"Audit des Änderungs- und Release-Managements";"Auditoría de la gestión de cambios y puestas en producción";"Audit della gestione dei cambiamenti e dei rilasci";"";"Chaque changement est relu par une autre personne que son auteur | Les tests automatisés sont exécutés avant la mise en production | Les secrets sont absents du code et des journaux | Un retour arrière est possible et a été testé";"";""
"sante.process.care";"1.0";"SANTE";"Processus";"core.process.deliver";"Fournir les produits ou services";"Prendre en charge les patients";"Provide patient care";"Patienten versorgen";"Atender a los pacientes";"Assistere i pazienti";"";"";"";""
"sante.process.records";"1.0";"SANTE";"Processus";"core.process.digital";"Exploiter les systèmes et les données";"Gérer les dossiers de santé";"Manage health records";"Gesundheitsakten verwalten";"Gestionar historias clínicas";"Gestire le cartelle cliniche";"";"";"";""
"sante.process.lab";"1.0";"SANTE";"Processus";"core.process.deliver";"Fournir les produits ou services";"Réaliser les examens et rendre les résultats";"Perform tests and report results";"Untersuchungen durchführen und Ergebnisse melden";"Realizar pruebas y comunicar resultados";"Eseguire esami e comunicare risultati";"";"";"";""
"sante.process.supply";"1.0";"SANTE";"Processus";"core.process.buy";"Acheter et piloter les fournisseurs";"Approvisionner médicaments et dispositifs";"Supply medicines and devices";"Arzneimittel und Geräte bereitstellen";"Suministrar medicamentos y dispositivos";"Fornire farmaci e dispositivi";"";"";"";""
"sante.risk.patient-data";"1.0";"SANTE";"Risque (événement-type)";"sante.process.records";"Gérer les dossiers de santé";"Des données de santé de patients sont divulguées";"Patient health data is disclosed";"Gesundheitsdaten von Patienten werden offengelegt";"Se divulgan datos de salud de pacientes";"Vengono divulgati dati sanitari dei pazienti";"";"";"";""
"sante.risk.care-outage";"1.0";"SANTE";"Risque (événement-type)";"sante.process.care";"Prendre en charge les patients";"Une panne retarde la prise en charge";"An outage delays patient care";"Ein Ausfall verzögert die Versorgung";"Una avería retrasa la atención";"Un guasto ritarda l’assistenza";"";"";"";""
"sante.risk.result-error";"1.0";"SANTE";"Risque (événement-type)";"sante.process.lab";"Réaliser les examens et rendre les résultats";"Un résultat d’examen est attribué au mauvais patient";"A test result is assigned to the wrong patient";"Ein Befund wird dem falschen Patienten zugeordnet";"Un resultado se asigna al paciente equivocado";"Un referto viene attribuito al paziente sbagliato";"";"";"";""
"sante.risk.stockout";"1.0";"SANTE";"Risque (événement-type)";"sante.process.supply";"Approvisionner médicaments et dispositifs";"Une rupture de stock perturbe les soins";"A stockout disrupts care";"Ein Lieferengpass beeinträchtigt die Versorgung";"Una falta de existencias interrumpe la atención";"Una carenza di scorte interrompe le cure";"";"";"";""
"sante.risk.record-integrity";"1.0";"SANTE";"Risque (événement-type)";"sante.process.records";"Gérer les dossiers de santé";"Un dossier de santé est altéré ou incomplet";"A health record is altered or incomplete";"Eine Gesundheitsakte ist verändert oder unvollständig";"Una historia clínica está alterada o incompleta";"Una cartella clinica è alterata o incompleta";"";"";"";""
"sante.risk.device";"1.1";"SANTE";"Risque (événement-type)";"sante.process.care";"Prendre en charge les patients";"Un dispositif médical connecté est défaillant ou compromis";"A connected medical device fails or is compromised";"Ein vernetztes Medizinprodukt fällt aus oder wird kompromittiert";"Un dispositivo médico conectado falla o se ve comprometido";"Un dispositivo medico connesso si guasta o viene compromesso";"";"";"";""
"sante.risk.consent";"1.1";"SANTE";"Risque (événement-type)";"sante.process.records";"Gérer les dossiers de santé";"Un consentement ou une opposition du patient n’est pas respecté";"A patient’s consent or objection is not honoured";"Einwilligung oder Widerspruch eines Patienten wird nicht beachtet";"No se respeta el consentimiento o la oposición de un paciente";"Il consenso o l’opposizione di un paziente non viene rispettato";"";"";"";""
"sante.control.record-access";"1.5";"SANTE";"Contrôle-type";"sante.process.records";"Gérer les dossiers de santé";"Revue des accès aux dossiers de santé hors parcours de soins";"Review of health-record access outside the care pathway";"Überprüfung von Zugriffen auf Gesundheitsakten außerhalb des Behandlungsverlaufs";"Revisión de los accesos a historias clínicas fuera del proceso asistencial";"Revisione degli accessi ai fascicoli sanitari al di fuori del percorso di cura";"périodicité MENSUEL ; type DETECTIF";"";"";""
"sante.control.specimen-identity";"1.5";"SANTE";"Contrôle-type";"sante.process.lab";"Réaliser les examens et rendre les résultats";"Contrôle par échantillon de l’identification des patients sur les prélèvements";"Sample check of patient identification on specimens";"Stichprobenprüfung der Patientenidentifikation an Proben";"Control por muestreo de la identificación del paciente en las muestras";"Controllo a campione dell’identificazione del paziente sui campioni";"périodicité MENSUEL ; type DETECTIF";"";"";""
"sante.kri.care-downtime";"1.5";"SANTE";"KRI candidat";"sante.process.care";"Prendre en charge les patients";"Durée d’indisponibilité des applications de soins";"Downtime of care applications";"Ausfallzeit der Versorgungsanwendungen";"Tiempo de indisponibilidad de las aplicaciones asistenciales";"Tempo di indisponibilità delle applicazioni cliniche";"périodicité MENSUEL ; unité heures ; dégradation à la hausse";"";"";""
"sante.kri.stockouts";"1.5";"SANTE";"KRI candidat";"sante.process.supply";"Approvisionner médicaments et dispositifs";"Ruptures de médicaments ou dispositifs essentiels";"Stockouts of essential medicines or devices";"Engpässe bei wesentlichen Arzneimitteln oder Geräten";"Roturas de stock de medicamentos o dispositivos esenciales";"Rotture di stock di farmaci o dispositivi essenziali";"périodicité MENSUEL ; unité nombre ; dégradation à la hausse";"";"";""
"sante.audit.records";"1.5";"SANTE";"Mission d’audit type";"sante.process.records";"Gérer les dossiers de santé";"Audit de la confidentialité des dossiers de santé";"Audit of health-record confidentiality";"Audit der Vertraulichkeit von Gesundheitsakten";"Auditoría de la confidencialidad de las historias clínicas";"Audit della riservatezza dei fascicoli sanitari";"";"Les profils d’accès correspondent aux fonctions des soignants | Les accès sont tracés et les traces sont revues | Les accès d’urgence (« bris de glace ») sont justifiés a posteriori | Les consentements et oppositions des patients sont pris en compte";"";""
"telecom.process.network";"1.7";"TELECOM";"Processus";"core.process.deliver";"Fournir les produits ou services";"Exploiter le réseau et les services";"Operate the network and services";"Netz und Dienste betreiben";"Operar la red y los servicios";"Gestire la rete e i servizi";"";"";"";""
"telecom.process.provision";"1.7";"TELECOM";"Processus";"core.process.deliver";"Fournir les produits ou services";"Activer et modifier les lignes clients";"Provision and change customer lines";"Kundenanschlüsse schalten und ändern";"Activar y modificar las líneas de clientes";"Attivare e modificare le linee dei clienti";"";"";"";""
"telecom.process.billing";"1.7";"TELECOM";"Processus";"core.process.finance";"Gérer les finances et les paiements";"Valoriser et facturer les consommations";"Rate and bill usage";"Verbrauch bewerten und abrechnen";"Valorizar y facturar los consumos";"Valorizzare e fatturare i consumi";"";"";"";""
"telecom.process.lawful";"1.7";"TELECOM";"Processus";"core.process.govern";"Piloter les activités et les risques";"Traiter les réquisitions des autorités";"Handle requests from authorities";"Behördenanfragen bearbeiten";"Tramitar los requerimientos de las autoridades";"Gestire le richieste delle autorità";"";"";"";""
"telecom.risk.outage";"1.7";"TELECOM";"Risque (événement-type)";"telecom.process.network";"Exploiter le réseau et les services";"Une panne majeure prive des clients de service, y compris des appels d’urgence";"A major outage cuts customers off, including emergency calls";"Ein schwerer Ausfall unterbricht den Dienst für Kunden, auch Notrufe";"Una avería grave deja sin servicio a clientes, incluidas las llamadas de emergencia";"Un guasto grave lascia i clienti senza servizio, comprese le chiamate di emergenza";"";"";"";""
"telecom.risk.config-change";"1.7";"TELECOM";"Risque (événement-type)";"telecom.process.network";"Exploiter le réseau et les services";"Une modification de configuration dégrade le réseau";"A configuration change degrades the network";"Eine Konfigurationsänderung beeinträchtigt das Netz";"Un cambio de configuración degrada la red";"Una modifica di configurazione degrada la rete";"";"";"";""
"telecom.risk.traffic-data";"1.7";"TELECOM";"Risque (événement-type)";"telecom.process.network";"Exploiter le réseau et les services";"Des données de trafic ou de localisation sont divulguées";"Traffic or location data is disclosed";"Verkehrs- oder Standortdaten werden offengelegt";"Se divulgan datos de tráfico o de localización";"Vengono divulgati dati di traffico o di localizzazione";"";"";"";""
"telecom.risk.sim-swap";"1.7";"TELECOM";"Risque (événement-type)";"telecom.process.provision";"Activer et modifier les lignes clients";"Une carte SIM est réattribuée frauduleusement à un tiers";"A SIM card is fraudulently reassigned to someone else";"Eine SIM-Karte wird betrügerisch einem Dritten zugewiesen";"Una tarjeta SIM se reasigna fraudulentamente a un tercero";"Una SIM viene riassegnata fraudolentemente a terzi";"";"";"";""
"telecom.risk.revenue-leak";"1.7";"TELECOM";"Risque (événement-type)";"telecom.process.billing";"Valoriser et facturer les consommations";"Des consommations ne sont pas facturées";"Usage goes unbilled";"Verbrauch wird nicht abgerechnet";"Hay consumos que no se facturan";"Alcuni consumi non vengono fatturati";"";"";"";""
"telecom.risk.billing-error";"1.7";"TELECOM";"Risque (événement-type)";"telecom.process.billing";"Valoriser et facturer les consommations";"Une erreur de tarification touche de nombreux clients";"A rating error affects many customers";"Ein Tarifierungsfehler betrifft viele Kunden";"Un error de tarificación afecta a muchos clientes";"Un errore di tariffazione colpisce molti clienti";"";"";"";""
"telecom.risk.request-error";"1.7";"TELECOM";"Risque (événement-type)";"telecom.process.lawful";"Traiter les réquisitions des autorités";"Une réquisition est traitée hors délai ou de façon erronée";"An authority request is handled late or incorrectly";"Eine Behördenanfrage wird verspätet oder fehlerhaft bearbeitet";"Un requerimiento se tramita fuera de plazo o de forma errónea";"Una richiesta delle autorità viene gestita in ritardo o in modo errato";"";"";"";""
"telecom.control.sim-swap";"1.7";"TELECOM";"Contrôle-type";"telecom.process.provision";"Activer et modifier les lignes clients";"Contrôle par échantillon des changements de carte SIM";"Sample check of SIM swaps";"Stichprobenprüfung von SIM-Tauschen";"Control por muestreo de los cambios de tarjeta SIM";"Controllo a campione delle sostituzioni di SIM";"périodicité MENSUEL ; type DETECTIF";"";"";""
"telecom.control.revenue-assurance";"1.7";"TELECOM";"Contrôle-type";"telecom.process.billing";"Valoriser et facturer les consommations";"Rapprochement entre consommations collectées et facturées";"Reconciliation of collected and billed usage";"Abgleich zwischen erfassten und abgerechneten Verbräuchen";"Conciliación entre consumos registrados y facturados";"Riconciliazione tra consumi rilevati e fatturati";"périodicité MENSUEL ; type DETECTIF";"";"";""
"telecom.kri.network-availability";"1.7";"TELECOM";"KRI candidat";"telecom.process.network";"Exploiter le réseau et les services";"Disponibilité du réseau";"Network availability";"Netzverfügbarkeit";"Disponibilidad de la red";"Disponibilità della rete";"périodicité MENSUEL ; unité % ; dégradation à la baisse";"";"";""
"telecom.kri.failed-changes";"1.7";"TELECOM";"KRI candidat";"telecom.process.network";"Exploiter le réseau et les services";"Changements de configuration suivis d’un incident";"Configuration changes followed by an incident";"Konfigurationsänderungen mit nachfolgendem Vorfall";"Cambios de configuración seguidos de un incidente";"Modifiche di configurazione seguite da un incidente";"périodicité MENSUEL ; unité nombre ; dégradation à la hausse";"";"";""
"telecom.audit.network-change";"1.7";"TELECOM";"Mission d’audit type";"telecom.process.network";"Exploiter le réseau et les services";"Audit de la gestion des changements sur le réseau";"Audit of network change management";"Audit des Änderungsmanagements im Netz";"Auditoría de la gestión de cambios en la red";"Audit della gestione dei cambiamenti sulla rete";"";"Les changements sont évalués et autorisés avant mise en œuvre | Les changements à risque sont réalisés dans des fenêtres planifiées | Un retour arrière est prévu pour chaque changement | Les incidents consécutifs à un changement sont analysés";"";""
"transport.process.plan";"1.7";"TRANSPORT";"Processus";"core.process.deliver";"Fournir les produits ou services";"Planifier les tournées et les capacités";"Plan routes and capacity";"Touren und Kapazitäten planen";"Planificar rutas y capacidades";"Pianificare percorsi e capacità";"";"";"";""
"transport.process.move";"1.7";"TRANSPORT";"Processus";"core.process.deliver";"Fournir les produits ou services";"Transporter les marchandises ou les voyageurs";"Carry goods or passengers";"Waren oder Fahrgäste befördern";"Transportar mercancías o viajeros";"Trasportare merci o passeggeri";"";"";"";""
"transport.process.warehouse";"1.7";"TRANSPORT";"Processus";"core.process.deliver";"Fournir les produits ou services";"Gérer les entrepôts et les plateformes";"Run warehouses and hubs";"Lager und Umschlagplätze betreiben";"Gestionar almacenes y plataformas";"Gestire magazzini e piattaforme";"";"";"";""
"transport.process.fleet";"1.7";"TRANSPORT";"Processus";"core.process.deliver";"Fournir les produits ou services";"Entretenir la flotte de véhicules";"Maintain the vehicle fleet";"Fahrzeugflotte instand halten";"Mantener la flota de vehículos";"Manutenere la flotta di veicoli";"";"";"";""
"transport.risk.planning-outage";"1.7";"TRANSPORT";"Risque (événement-type)";"transport.process.plan";"Planifier les tournées et les capacités";"Une panne du système de planification bloque les expéditions";"A planning system outage blocks shipments";"Ein Ausfall des Planungssystems blockiert den Versand";"Una avería del sistema de planificación bloquea los envíos";"Un guasto del sistema di pianificazione blocca le spedizioni";"";"";"";""
"transport.risk.delay";"1.7";"TRANSPORT";"Risque (événement-type)";"transport.process.plan";"Planifier les tournées et les capacités";"Des retards en chaîne font manquer des engagements de livraison";"Cascading delays cause missed delivery commitments";"Kettenverzögerungen führen zu verpassten Lieferzusagen";"Retrasos en cadena hacen incumplir compromisos de entrega";"Ritardi a catena fanno mancare gli impegni di consegna";"";"";"";""
"transport.risk.cargo-theft";"1.7";"TRANSPORT";"Risque (événement-type)";"transport.process.move";"Transporter les marchandises ou les voyageurs";"Une cargaison est volée ou détournée";"A shipment is stolen or diverted";"Eine Sendung wird gestohlen oder umgeleitet";"Se roba o desvía un envío";"Un carico viene rubato o dirottato";"";"";"";""
"transport.risk.accident";"1.7";"TRANSPORT";"Risque (événement-type)";"transport.process.move";"Transporter les marchandises ou les voyageurs";"Un accident de circulation implique un véhicule de l’entreprise";"A road accident involves a company vehicle";"Ein Verkehrsunfall betrifft ein Firmenfahrzeug";"Un accidente de tráfico implica un vehículo de la empresa";"Un incidente stradale coinvolge un veicolo aziendale";"";"";"";""
"transport.risk.stock-error";"1.7";"TRANSPORT";"Risque (événement-type)";"transport.process.warehouse";"Gérer les entrepôts et les plateformes";"Une erreur d’inventaire en entrepôt provoque des expéditions erronées";"A warehouse inventory error causes wrong shipments";"Ein Bestandsfehler im Lager führt zu falschen Sendungen";"Un error de inventario en el almacén provoca envíos erróneos";"Un errore di inventario in magazzino causa spedizioni errate";"";"";"";""
"transport.risk.maintenance";"1.7";"TRANSPORT";"Risque (événement-type)";"transport.process.fleet";"Entretenir la flotte de véhicules";"Un véhicule circule avec un entretien en retard";"A vehicle operates with overdue maintenance";"Ein Fahrzeug fährt mit überfälliger Wartung";"Un vehículo circula con el mantenimiento atrasado";"Un veicolo circola con la manutenzione scaduta";"";"";"";""
"transport.risk.telematics";"1.7";"TRANSPORT";"Risque (événement-type)";"transport.process.fleet";"Entretenir la flotte de véhicules";"Les données de géolocalisation des véhicules sont détournées";"Vehicle tracking data is misused";"Fahrzeugortungsdaten werden missbraucht";"Se hace un uso indebido de los datos de geolocalización de los vehículos";"I dati di geolocalizzazione dei veicoli vengono usati impropriamente";"";"";"";""
"transport.control.maintenance-due";"1.7";"TRANSPORT";"Contrôle-type";"transport.process.fleet";"Entretenir la flotte de véhicules";"Revue des entretiens de véhicules en retard";"Review of overdue vehicle maintenance";"Überprüfung überfälliger Fahrzeugwartungen";"Revisión de los mantenimientos de vehículos atrasados";"Revisione delle manutenzioni dei veicoli scadute";"périodicité MENSUEL ; type DETECTIF";"";"";""
"transport.control.cycle-count";"1.7";"TRANSPORT";"Contrôle-type";"transport.process.warehouse";"Gérer les entrepôts et les plateformes";"Inventaire tournant des entrepôts par échantillon";"Sample cycle count in warehouses";"Stichprobenartige permanente Inventur in den Lagern";"Inventario rotativo por muestreo en los almacenes";"Inventario rotativo a campione nei magazzini";"périodicité MENSUEL ; type DETECTIF";"";"";""
"transport.kri.on-time";"1.7";"TRANSPORT";"KRI candidat";"transport.process.move";"Transporter les marchandises ou les voyageurs";"Taux de livraisons à l’heure";"On-time delivery rate";"Quote pünktlicher Lieferungen";"Tasa de entregas puntuales";"Tasso di consegne puntuali";"périodicité MENSUEL ; unité % ; dégradation à la baisse";"";"";""
"transport.kri.overdue-maintenance";"1.7";"TRANSPORT";"KRI candidat";"transport.process.fleet";"Entretenir la flotte de véhicules";"Véhicules dont l’entretien est en retard";"Vehicles with overdue maintenance";"Fahrzeuge mit überfälliger Wartung";"Vehículos con mantenimiento atrasado";"Veicoli con manutenzione scaduta";"périodicité MENSUEL ; unité nombre ; dégradation à la hausse";"";"";""
"transport.audit.continuity";"1.7";"TRANSPORT";"Mission d’audit type";"transport.process.plan";"Planifier les tournées et les capacités";"Audit de la continuité des opérations de transport";"Audit of transport operations continuity";"Audit der Kontinuität des Transportbetriebs";"Auditoría de la continuidad de las operaciones de transporte";"Audit della continuità delle operazioni di trasporto";"";"Un mode dégradé est prévu si le système de planification est indisponible | Les sous-traitants de transport sont évalués et leurs incidents suivis | Les entretiens de la flotte sont planifiés et réalisés à temps | Les écarts d’inventaire des entrepôts sont analysés";"";""
"commerce.process.sell";"1.0";"COMMERCE";"Processus";"core.process.deliver";"Fournir les produits ou services";"Vendre et encaisser";"Sell and collect payments";"Verkaufen und Zahlungen einziehen";"Vender y cobrar";"Vendere e incassare";"";"";"";""
"commerce.process.stock";"1.0";"COMMERCE";"Processus";"core.process.buy";"Acheter et piloter les fournisseurs";"Gérer les stocks et réassorts";"Manage inventory and replenishment";"Bestände und Nachschub verwalten";"Gestionar inventario y reposición";"Gestire scorte e riordini";"";"";"";""
"commerce.process.ship";"1.0";"COMMERCE";"Processus";"core.process.deliver";"Fournir les produits ou services";"Préparer et livrer les commandes";"Prepare and deliver orders";"Bestellungen vorbereiten und liefern";"Preparar y entregar pedidos";"Preparare e consegnare ordini";"";"";"";""
"commerce.process.returns";"1.0";"COMMERCE";"Processus";"core.process.deliver";"Fournir les produits ou services";"Traiter les retours et réclamations";"Handle returns and complaints";"Retouren und Beschwerden bearbeiten";"Gestionar devoluciones y reclamaciones";"Gestire resi e reclami";"";"";"";""
"commerce.risk.checkout";"1.0";"COMMERCE";"Risque (événement-type)";"commerce.process.sell";"Vendre et encaisser";"Une panne d’encaissement bloque les ventes";"A checkout outage blocks sales";"Ein Kassenausfall blockiert Verkäufe";"Una avería de caja bloquea las ventas";"Un guasto alle casse blocca le vendite";"";"";"";""
"commerce.risk.stock";"1.0";"COMMERCE";"Risque (événement-type)";"commerce.process.stock";"Gérer les stocks et réassorts";"Un stock erroné provoque des ventes impossibles";"Incorrect inventory causes unfulfillable sales";"Falsche Bestände führen zu unerfüllbaren Verkäufen";"Un inventario erróneo causa ventas imposibles";"Scorte errate causano vendite non evadibili";"";"";"";""
"commerce.risk.delivery";"1.0";"COMMERCE";"Risque (événement-type)";"commerce.process.ship";"Préparer et livrer les commandes";"Des commandes sont livrées au mauvais destinataire";"Orders are delivered to the wrong recipient";"Bestellungen gehen an den falschen Empfänger";"Se entregan pedidos al destinatario equivocado";"Gli ordini sono consegnati al destinatario errato";"";"";"";""
"commerce.risk.customer-data";"1.0";"COMMERCE";"Risque (événement-type)";"commerce.process.sell";"Vendre et encaisser";"Des données clients ou de paiement sont divulguées";"Customer or payment data is disclosed";"Kunden- oder Zahlungsdaten werden offengelegt";"Se divulgan datos de clientes o pagos";"Vengono divulgati dati clienti o di pagamento";"";"";"";""
"commerce.risk.returns";"1.0";"COMMERCE";"Risque (événement-type)";"commerce.process.returns";"Traiter les retours et réclamations";"Un retour client n’est pas traité correctement";"A customer return is mishandled";"Eine Kundenretoure wird falsch bearbeitet";"Se gestiona mal una devolución";"Un reso cliente viene gestito male";"";"";"";""
"commerce.risk.pricing";"1.1";"COMMERCE";"Risque (événement-type)";"commerce.process.sell";"Vendre et encaisser";"Un prix erroné est publié et appliqué aux ventes";"A wrong price is published and applied to sales";"Ein falscher Preis wird veröffentlicht und angewendet";"Se publica y aplica un precio erróneo a las ventas";"Un prezzo errato viene pubblicato e applicato alle vendite";"";"";"";""
"commerce.risk.loyalty";"1.1";"COMMERCE";"Risque (événement-type)";"commerce.process.sell";"Vendre et encaisser";"Des comptes de fidélité sont détournés";"Loyalty accounts are hijacked";"Treuekonten werden übernommen";"Se secuestran cuentas de fidelidad";"Gli account fedeltà vengono violati";"";"";"";""
"commerce.control.price-changes";"1.5";"COMMERCE";"Contrôle-type";"commerce.process.sell";"Vendre et encaisser";"Revue des changements de prix publiés";"Review of published price changes";"Überprüfung veröffentlichter Preisänderungen";"Revisión de los cambios de precios publicados";"Revisione delle variazioni di prezzo pubblicate";"périodicité HEBDOMADAIRE ; type DETECTIF";"";"";""
"commerce.control.inventory-count";"1.5";"COMMERCE";"Contrôle-type";"commerce.process.stock";"Gérer les stocks et réassorts";"Inventaire tournant des stocks par échantillon";"Sample cycle count of inventory";"Stichprobenartige permanente Inventur";"Inventario rotativo por muestreo de las existencias";"Inventario rotativo a campione delle scorte";"périodicité MENSUEL ; type DETECTIF";"";"";""
"commerce.kri.stock-gaps";"1.5";"COMMERCE";"KRI candidat";"commerce.process.stock";"Gérer les stocks et réassorts";"Écart entre stock théorique et stock compté";"Gap between book and counted inventory";"Abweichung zwischen Buch- und Zählbestand";"Diferencia entre existencias teóricas y contadas";"Scostamento tra giacenza teorica e giacenza contata";"périodicité MENSUEL ; unité % ; dégradation à la hausse";"";"";""
"commerce.kri.checkout-downtime";"1.5";"COMMERCE";"KRI candidat";"commerce.process.sell";"Vendre et encaisser";"Durée d’indisponibilité de l’encaissement";"Checkout downtime";"Ausfallzeit der Kassensysteme";"Tiempo de indisponibilidad del cobro";"Tempo di indisponibilità delle casse";"périodicité MENSUEL ; unité heures ; dégradation à la hausse";"";"";""
"commerce.audit.online-sales";"1.5";"COMMERCE";"Mission d’audit type";"commerce.process.sell";"Vendre et encaisser";"Audit de la vente et de l’encaissement en ligne";"Audit of online sales and payment collection";"Audit des Online-Verkaufs und Zahlungseinzugs";"Auditoría de la venta y el cobro en línea";"Audit della vendita e dell’incasso online";"";"Les données de paiement ne sont pas conservées au-delà du nécessaire | Les comptes clients sont protégés contre la prise de contrôle | Les changements de prix et de promotions sont validés avant publication | Les encaissements sont rapprochés des commandes";"";""
"services.process.contract";"1.0";"SERVICES";"Processus";"core.process.deliver";"Fournir les produits ou services";"Contractualiser les missions clients";"Contract customer engagements";"Kundenaufträge vertraglich vereinbaren";"Contratar encargos de clientes";"Contrattualizzare incarichi cliente";"";"";"";""
"services.process.perform";"1.0";"SERVICES";"Processus";"core.process.deliver";"Fournir les produits ou services";"Réaliser les prestations";"Perform customer services";"Kundenleistungen erbringen";"Prestar servicios al cliente";"Erogare prestazioni ai clienti";"";"";"";""
"services.process.bill";"1.0";"SERVICES";"Processus";"core.process.finance";"Gérer les finances et les paiements";"Facturer et suivre les encaissements";"Bill and collect fees";"Leistungen abrechnen und Zahlungen verfolgen";"Facturar y cobrar honorarios";"Fatturare e incassare compensi";"";"";"";""
"services.process.knowledge";"1.0";"SERVICES";"Processus";"core.process.digital";"Exploiter les systèmes et les données";"Gérer les dossiers et connaissances";"Manage cases and knowledge";"Akten und Wissen verwalten";"Gestionar expedientes y conocimiento";"Gestire pratiche e conoscenza";"";"";"";""
"services.risk.deadline";"1.0";"SERVICES";"Risque (événement-type)";"services.process.perform";"Réaliser les prestations";"Une échéance client importante est manquée";"An important customer deadline is missed";"Eine wichtige Kundenfrist wird versäumt";"Se incumple un plazo importante del cliente";"Si perde una scadenza importante del cliente";"";"";"";""
"services.risk.confidentiality";"1.0";"SERVICES";"Risque (événement-type)";"services.process.knowledge";"Gérer les dossiers et connaissances";"Un dossier client confidentiel est divulgué";"A confidential customer file is disclosed";"Eine vertrauliche Kundenakte wird offengelegt";"Se divulga un expediente confidencial";"Un fascicolo cliente riservato viene divulgato";"";"";"";""
"services.risk.scope";"1.0";"SERVICES";"Risque (événement-type)";"services.process.contract";"Contractualiser les missions clients";"Une mission est réalisée hors du périmètre convenu";"Work is delivered outside the agreed scope";"Eine Leistung überschreitet den vereinbarten Umfang";"Se presta un servicio fuera del alcance acordado";"Una prestazione esce dal perimetro concordato";"";"";"";""
"services.risk.billing";"1.0";"SERVICES";"Risque (événement-type)";"services.process.bill";"Facturer et suivre les encaissements";"Une prestation n’est pas facturée ou l’est deux fois";"A service is not billed or is billed twice";"Eine Leistung wird nicht oder doppelt abgerechnet";"Un servicio no se factura o se factura dos veces";"Una prestazione non viene fatturata o lo è due volte";"";"";"";""
"services.risk.expertise";"1.0";"SERVICES";"Risque (événement-type)";"services.process.perform";"Réaliser les prestations";"Une expertise nécessaire manque pendant la mission";"Needed expertise is unavailable during a project";"Erforderliches Fachwissen fehlt während eines Auftrags";"Falta experiencia necesaria durante un encargo";"Manca una competenza necessaria durante l’incarico";"";"";"";""
"services.risk.subcontractor";"1.1";"SERVICES";"Risque (événement-type)";"services.process.perform";"Réaliser les prestations";"Un sous-traitant manque à ses engagements sur une mission";"A subcontractor fails its commitments on an engagement";"Ein Subunternehmer erfüllt seine Zusagen bei einem Auftrag nicht";"Un subcontratista incumple sus compromisos en un encargo";"Un subappaltatore non rispetta gli impegni su un incarico";"";"";"";""
"services.risk.client-access";"1.1";"SERVICES";"Risque (événement-type)";"services.process.knowledge";"Gérer les dossiers et connaissances";"Un collaborateur accède à des dossiers clients sans nécessité";"A staff member accesses client files without need";"Ein Mitarbeiter greift ohne Notwendigkeit auf Kundenakten zu";"Un empleado accede a expedientes de clientes sin necesidad";"Un collaboratore accede a pratiche dei clienti senza necessidad";"";"";"";""
"services.control.engagement-acceptance";"1.5";"SERVICES";"Contrôle-type";"services.process.contract";"Contractualiser les missions clients";"Revue des acceptations de missions (conflits d’intérêts, périmètre)";"Review of engagement acceptance (conflicts of interest, scope)";"Überprüfung der Auftragsannahme (Interessenkonflikte, Umfang)";"Revisión de la aceptación de encargos (conflictos de intereses, alcance)";"Revisione dell’accettazione degli incarichi (conflitti di interesse, perimetro)";"périodicité TRIMESTRIEL ; type DETECTIF";"";"";""
"services.control.unbilled-work";"1.5";"SERVICES";"Contrôle-type";"services.process.bill";"Facturer et suivre les encaissements";"Revue des prestations réalisées non facturées";"Review of delivered but unbilled work";"Überprüfung erbrachter, nicht abgerechneter Leistungen";"Revisión de los servicios prestados no facturados";"Revisione delle prestazioni erogate non fatturate";"périodicité MENSUEL ; type DETECTIF";"";"";""
"services.kri.missed-deadlines";"1.5";"SERVICES";"KRI candidat";"services.process.perform";"Réaliser les prestations";"Échéances clients manquées";"Missed customer deadlines";"Versäumte Kundenfristen";"Plazos de clientes incumplidos";"Scadenze dei clienti mancate";"périodicité MENSUEL ; unité nombre ; dégradation à la hausse";"";"";""
"services.kri.unbilled-age";"1.5";"SERVICES";"KRI candidat";"services.process.bill";"Facturer et suivre les encaissements";"Ancienneté moyenne des prestations non facturées";"Average age of unbilled work";"Durchschnittsalter nicht abgerechneter Leistungen";"Antigüedad media de los servicios no facturados";"Anzianità media delle prestazioni non fatturate";"périodicité MENSUEL ; unité jours ; dégradation à la hausse";"";"";""
"services.audit.confidentiality";"1.5";"SERVICES";"Mission d’audit type";"services.process.knowledge";"Gérer les dossiers et connaissances";"Audit de la confidentialité des dossiers clients";"Audit of client file confidentiality";"Audit der Vertraulichkeit von Kundenakten";"Auditoría de la confidencialidad de los expedientes de clientes";"Audit della riservatezza delle pratiche dei clienti";"";"Les dossiers clients ne sont accessibles qu’aux équipes de la mission | Les échanges de documents avec les clients passent par des canaux protégés | Les sous-traitants sont tenus à la confidentialité et perdent leurs accès en fin de mission | Les dossiers sont archivés ou détruits selon la durée convenue";"";""
"agricole.process.production";"1.10";"AGRICOLE";"Processus";"";"";"Produire et récolter";"Produce and harvest";"Erzeugen und ernten";"Producir y cosechar";"Produrre e raccogliere";"";"";"";""
"agricole.process.processing";"1.10";"AGRICOLE";"Processus";"";"";"Transformer et conditionner les produits";"Process and package products";"Produkte verarbeiten und verpacken";"Transformar y envasar los productos";"Trasformare e confezionare i prodotti";"";"";"";""
"agricole.process.quality";"1.10";"AGRICOLE";"Processus";"";"";"Assurer la sécurité sanitaire et la traçabilité";"Ensure food safety and traceability";"Lebensmittelsicherheit und Rückverfolgbarkeit sicherstellen";"Garantizar la seguridad alimentaria y la trazabilidad";"Garantire la sicurezza alimentare e la tracciabilità";"";"";"";""
"agricole.process.cold-chain";"1.10";"AGRICOLE";"Processus";"";"";"Stocker et transporter sous température dirigée";"Store and transport under controlled temperature";"Temperaturgeführt lagern und transportieren";"Almacenar y transportar a temperatura controlada";"Stoccare e trasportare a temperatura controllata";"";"";"";""
"agricole.process.sales";"1.10";"AGRICOLE";"Processus";"";"";"Vendre, contractualiser et livrer";"Sell, contract and deliver";"Verkaufen, vertraglich binden und liefern";"Vender, contratar y entregar";"Vendere, contrattualizzare e consegnare";"";"";"";""
"agricole.process.farm-tech";"1.10";"AGRICOLE";"Processus";"";"";"Exploiter les équipements connectés et les systèmes de pilotage";"Operate connected equipment and control systems";"Vernetzte Anlagen und Steuerungssysteme betreiben";"Operar los equipos conectados y los sistemas de control";"Gestire le apparecchiature connesse e i sistemi di controllo";"";"";"";""
"agricole.risk.contamination";"1.10";"AGRICOLE";"Risque (événement-type)";"agricole.process.quality";"Assurer la sécurité sanitaire et la traçabilité";"Une contamination alimentaire n’est pas détectée avant la mise sur le marché";"Food contamination goes undetected before market release";"Eine Lebensmittelkontamination wird vor dem Inverkehrbringen nicht erkannt";"Una contaminación alimentaria no se detecta antes de comercializar";"Una contaminazione alimentare non viene rilevata prima dell’immissione sul mercato";"";"";"";""
"agricole.risk.recall-failure";"1.10";"AGRICOLE";"Risque (événement-type)";"agricole.process.quality";"Assurer la sécurité sanitaire et la traçabilité";"Un rappel de lots ne peut pas être mené rapidement faute de traçabilité";"A batch recall cannot be run quickly for lack of traceability";"Ein Chargenrückruf ist mangels Rückverfolgbarkeit nicht zügig durchführbar";"Una retirada de lotes no puede hacerse con rapidez por falta de trazabilidad";"Un richiamo di lotti non può essere condotto rapidamente per mancanza di tracciabilità";"";"";"";""
"agricole.risk.cold-chain-break";"1.10";"AGRICOLE";"Risque (événement-type)";"agricole.process.cold-chain";"Stocker et transporter sous température dirigée";"Une rupture de la chaîne du froid altère des produits";"A cold-chain break spoils products";"Eine Unterbrechung der Kühlkette verdirbt Produkte";"Una ruptura de la cadena de frío deteriora productos";"Un’interruzione della catena del freddo deteriora i prodotti";"";"";"";""
"agricole.risk.process-control-attack";"1.10";"AGRICOLE";"Risque (événement-type)";"agricole.process.farm-tech";"Exploiter les équipements connectés et les systèmes de pilotage";"Une intrusion sur le pilotage des lignes de production arrête ou dérègle la fabrication";"An intrusion into production-line controls stops or disrupts manufacturing";"Ein Eindringen in die Steuerung der Produktionslinien stoppt oder stört die Fertigung";"Una intrusión en el control de las líneas de producción detiene o altera la fabricación";"Un’intrusione nel controllo delle linee di produzione ferma o altera la produzione";"";"";"";""
"agricole.risk.connected-equipment";"1.10";"AGRICOLE";"Risque (événement-type)";"agricole.process.farm-tech";"Exploiter les équipements connectés et les systèmes de pilotage";"Un équipement agricole connecté est détourné ou immobilisé à distance";"A connected farm machine is hijacked or remotely immobilised";"Eine vernetzte Landmaschine wird übernommen oder aus der Ferne stillgelegt";"Una máquina agrícola conectada es secuestrada o inmovilizada a distancia";"Una macchina agricola connessa viene dirottata o immobilizzata da remoto";"";"";"";""
"agricole.risk.supply-shortage";"1.10";"AGRICOLE";"Risque (événement-type)";"agricole.process.production";"Produire et récolter";"Une pénurie d’intrants ou d’emballages interrompt la production";"A shortage of inputs or packaging halts production";"Ein Mangel an Betriebsmitteln oder Verpackungen unterbricht die Produktion";"La escasez de insumos o envases interrumpe la producción";"La carenza di input o imballaggi interrompe la produzione";"";"";"";""
"agricole.risk.weather-event";"1.10";"AGRICOLE";"Risque (événement-type)";"agricole.process.production";"Produire et récolter";"Un événement climatique détruit une part importante de la récolte ou du stock";"A weather event destroys a large part of the harvest or stock";"Ein Wetterereignis zerstört einen großen Teil der Ernte oder des Lagers";"Un fenómeno climático destruye gran parte de la cosecha o del stock";"Un evento climatico distrugge gran parte del raccolto o delle scorte";"";"";"";""
"agricole.risk.label-error";"1.10";"AGRICOLE";"Risque (événement-type)";"agricole.process.processing";"Transformer et conditionner les produits";"Un étiquetage erroné (allergènes, origine, DLC) expose les consommateurs";"A labelling error (allergens, origin, expiry) exposes consumers";"Eine fehlerhafte Kennzeichnung (Allergene, Herkunft, Verfallsdatum) gefährdet Verbraucher";"Un etiquetado erróneo (alérgenos, origen, caducidad) expone a los consumidores";"Un’etichettatura errata (allergeni, origine, scadenza) espone i consumatori";"";"";"";""
"agricole.risk.subsidy-error";"1.10";"AGRICOLE";"Risque (événement-type)";"agricole.process.sales";"Vendre, contractualiser et livrer";"Une aide ou un paiement agricole est déclaré à tort ou non justifié";"An agricultural aid or payment is wrongly declared or unjustified";"Eine Agrarbeihilfe oder -zahlung wird fehlerhaft angegeben oder ist nicht belegt";"Una ayuda o pago agrícola se declara indebidamente o carece de justificación";"Un aiuto o pagamento agricolo viene dichiarato erroneamente o non è giustificato";"";"";"";""
"agricole.risk.payment-diversion";"1.10";"AGRICOLE";"Risque (événement-type)";"agricole.process.sales";"Vendre, contractualiser et livrer";"Un paiement à un fournisseur ou coopérateur est détourné par usurpation";"A payment to a supplier or cooperative member is diverted by impersonation";"Eine Zahlung an einen Lieferanten oder Genossen wird durch Identitätsmissbrauch umgeleitet";"Un pago a un proveedor o cooperativista se desvía por suplantación";"Un pagamento a un fornitore o socio viene dirottato tramite furto di identità";"";"";"";""
"agricole.risk.worker-safety";"1.10";"AGRICOLE";"Risque (événement-type)";"agricole.process.production";"Produire et récolter";"Un accident du travail grave survient sur une exploitation ou une chaîne";"A serious workplace accident occurs on a farm or processing line";"Auf einem Betrieb oder an einer Linie ereignet sich ein schwerer Arbeitsunfall";"Se produce un accidente laboral grave en una explotación o línea";"Si verifica un grave infortunio sul lavoro in un’azienda o su una linea";"";"";"";""
"agricole.risk.seasonal-staff";"1.10";"AGRICOLE";"Risque (événement-type)";"agricole.process.production";"Produire et récolter";"Un manque de main-d’œuvre saisonnière bloque la récolte ou la transformation";"A seasonal labour shortage blocks harvest or processing";"Ein Mangel an Saisonarbeitskräften blockiert Ernte oder Verarbeitung";"La falta de mano de obra estacional bloquea la cosecha o la transformación";"La carenza di manodopera stagionale blocca il raccolto o la trasformazione";"";"";"";""
"agricole.control.haccp-points";"1.10";"AGRICOLE";"Contrôle-type";"agricole.process.quality";"Assurer la sécurité sanitaire et la traçabilité";"Revue des points de maîtrise critiques et de leurs enregistrements";"Review of critical control points and their records";"Überprüfung der kritischen Kontrollpunkte und ihrer Aufzeichnungen";"Revisión de los puntos de control crítico y de sus registros";"Revisione dei punti critici di controllo e delle loro registrazioni";"périodicité MENSUEL ; type DETECTIF";"";"";""
"agricole.control.lab-analysis";"1.10";"AGRICOLE";"Contrôle-type";"agricole.process.quality";"Assurer la sécurité sanitaire et la traçabilité";"Suivi des analyses microbiologiques et physico-chimiques non conformes";"Follow-up of non-compliant microbiological and physico-chemical analyses";"Nachverfolgung nicht konformer mikrobiologischer und physikalisch-chemischer Analysen";"Seguimiento de los análisis microbiológicos y fisicoquímicos no conformes";"Monitoraggio delle analisi microbiologiche e fisico-chimiche non conformi";"périodicité MENSUEL ; type DETECTIF";"";"";""
"agricole.control.mock-recall";"1.10";"AGRICOLE";"Contrôle-type";"agricole.process.quality";"Assurer la sécurité sanitaire et la traçabilité";"Exercice de retrait ou rappel simulé d’un lot";"Simulated batch withdrawal or recall exercise";"Übung zu einem simulierten Chargenrückruf";"Ejercicio de retirada o recuperación simulada de un lote";"Esercitazione di ritiro o richiamo simulato di un lotto";"périodicité ANNUEL ; type DETECTIF";"";"";""
"agricole.control.traceability-sample";"1.10";"AGRICOLE";"Contrôle-type";"agricole.process.quality";"Assurer la sécurité sanitaire et la traçabilité";"Contrôle par échantillon de la traçabilité amont-aval des lots";"Sample check of upstream-downstream batch traceability";"Stichprobenprüfung der Rückverfolgbarkeit der Chargen entlang der Kette";"Control por muestreo de la trazabilidad aguas arriba y abajo de los lotes";"Controllo a campione della tracciabilità a monte e a valle dei lotti";"périodicité TRIMESTRIEL ; type DETECTIF";"";"";""
"agricole.control.allergen-labels";"1.10";"AGRICOLE";"Contrôle-type";"agricole.process.processing";"Transformer et conditionner les produits";"Vérification de la conformité des étiquettes avant lancement ou changement de recette";"Check of label compliance before launch or recipe change";"Prüfung der Etikettenkonformität vor Einführung oder Rezepturänderung";"Verificación de la conformidad de las etiquetas antes de un lanzamiento o cambio de receta";"Verifica della conformità delle etichette prima del lancio o di una modifica di ricetta";"périodicité TRIMESTRIEL ; type PREVENTIF";"";"";""
"agricole.control.line-clearance";"1.10";"AGRICOLE";"Contrôle-type";"agricole.process.processing";"Transformer et conditionner les produits";"Contrôle du dégagement de ligne entre deux produits";"Check of line clearance between two products";"Prüfung der Linienfreigabe zwischen zwei Produkten";"Control del despeje de línea entre dos productos";"Controllo della pulizia di linea tra due prodotti";"périodicité MENSUEL ; type DETECTIF";"";"";""
"agricole.control.supplier-audit-food";"1.10";"AGRICOLE";"Contrôle-type";"agricole.process.quality";"Assurer la sécurité sanitaire et la traçabilité";"Revue des audits et certificats des fournisseurs de matières premières";"Review of audits and certificates of raw-material suppliers";"Überprüfung von Audits und Zertifikaten der Rohwarenlieferanten";"Revisión de las auditorías y certificados de los proveedores de materias primas";"Revisione di audit e certificati dei fornitori di materie prime";"périodicité ANNUEL ; type PREVENTIF";"";"";""
"agricole.control.temperature-alarms";"1.10";"AGRICOLE";"Contrôle-type";"agricole.process.cold-chain";"Stocker et transporter sous température dirigée";"Revue des alarmes et relevés de température des chambres froides";"Review of cold-room temperature alarms and readings";"Überprüfung der Temperaturalarme und -aufzeichnungen der Kühlräume";"Revisión de las alarmas y registros de temperatura de las cámaras frigoríficas";"Revisione degli allarmi e delle registrazioni di temperatura delle celle frigorifere";"périodicité MENSUEL ; type DETECTIF";"";"";""
"agricole.control.probe-calibration";"1.10";"AGRICOLE";"Contrôle-type";"agricole.process.cold-chain";"Stocker et transporter sous température dirigée";"Vérification de l’étalonnage des sondes de température";"Check of temperature-probe calibration";"Prüfung der Kalibrierung der Temperaturfühler";"Verificación de la calibración de las sondas de temperatura";"Verifica della taratura delle sonde di temperatura";"périodicité SEMESTRIEL ; type PREVENTIF";"";"";""
"agricole.control.transport-temperature";"1.10";"AGRICOLE";"Contrôle-type";"agricole.process.cold-chain";"Stocker et transporter sous température dirigée";"Contrôle par échantillon des relevés de température en transport";"Sample check of temperature records in transit";"Stichprobenprüfung der Temperaturaufzeichnungen im Transport";"Control por muestreo de los registros de temperatura en transporte";"Controllo a campione delle registrazioni di temperatura durante il trasporto";"périodicité MENSUEL ; type DETECTIF";"";"";""
"agricole.control.backup-power";"1.10";"AGRICOLE";"Contrôle-type";"agricole.process.cold-chain";"Stocker et transporter sous température dirigée";"Test des groupes de secours des installations de froid";"Test of backup generators for refrigeration";"Test der Notstromaggregate der Kälteanlagen";"Prueba de los grupos de emergencia de las instalaciones de frío";"Test dei gruppi di emergenza degli impianti di refrigerazione";"périodicité TRIMESTRIEL ; type PREVENTIF";"";"";""
"agricole.control.ot-segmentation";"1.10";"AGRICOLE";"Contrôle-type";"agricole.process.farm-tech";"Exploiter les équipements connectés et les systèmes de pilotage";"Vérification du cloisonnement entre réseau bureautique et pilotage des lignes";"Check of segregation between office network and line controls";"Prüfung der Trennung zwischen Büronetz und Linien-Steuerung";"Verificación de la segregación entre la red ofimática y el control de líneas";"Verifica della separazione tra rete d’ufficio e controllo delle linee";"périodicité TRIMESTRIEL ; type DETECTIF";"";"";""
"agricole.control.remote-vendor-access";"1.10";"AGRICOLE";"Contrôle-type";"agricole.process.farm-tech";"Exploiter les équipements connectés et les systèmes de pilotage";"Revue des accès distants des fabricants d’équipements";"Review of remote access by equipment manufacturers";"Überprüfung der Fernzugriffe von Geräteherstellern";"Revisión de los accesos remotos de los fabricantes de equipos";"Revisione degli accessi remoti dei produttori di apparecchiature";"périodicité TRIMESTRIEL ; type DETECTIF";"";"";""
"agricole.control.firmware-updates";"1.10";"AGRICOLE";"Contrôle-type";"agricole.process.farm-tech";"Exploiter les équipements connectés et les systèmes de pilotage";"Suivi des mises à jour des équipements connectés";"Follow-up of connected-equipment updates";"Nachverfolgung von Updates vernetzter Geräte";"Seguimiento de las actualizaciones de los equipos conectados";"Monitoraggio degli aggiornamenti delle apparecchiature connesse";"périodicité SEMESTRIEL ; type DETECTIF";"";"";""
"agricole.control.recipe-backup";"1.10";"AGRICOLE";"Contrôle-type";"agricole.process.farm-tech";"Exploiter les équipements connectés et les systèmes de pilotage";"Test de restauration des recettes et paramètres de lignes";"Restoration test of recipes and line parameters";"Wiederherstellungstest von Rezepturen und Linienparametern";"Prueba de restauración de recetas y parámetros de líneas";"Test di ripristino di ricette e parametri di linea";"périodicité SEMESTRIEL ; type DETECTIF";"";"";""
"agricole.control.critical-inputs";"1.10";"AGRICOLE";"Contrôle-type";"agricole.process.production";"Produire et récolter";"Revue des stocks et des fournisseurs alternatifs d’intrants critiques";"Review of stocks and alternative suppliers of critical inputs";"Überprüfung der Bestände und alternativen Lieferanten kritischer Betriebsmittel";"Revisión de las existencias y proveedores alternativos de insumos críticos";"Revisione delle scorte e dei fornitori alternativi di input critici";"périodicité TRIMESTRIEL ; type DETECTIF";"";"";""
"agricole.control.subsidy-declarations";"1.10";"AGRICOLE";"Contrôle-type";"agricole.process.sales";"Vendre, contractualiser et livrer";"Contrôle par échantillon des déclarations d’aides avant dépôt";"Sample check of aid declarations before submission";"Stichprobenprüfung von Beihilfeanträgen vor Einreichung";"Control por muestreo de las declaraciones de ayudas antes de su presentación";"Controllo a campione delle domande di aiuto prima della presentazione";"périodicité ANNUEL ; type PREVENTIF";"";"";""
"agricole.control.bank-detail-changes";"1.10";"AGRICOLE";"Contrôle-type";"agricole.process.sales";"Vendre, contractualiser et livrer";"Rappel et validation indépendante de tout changement de coordonnées bancaires";"Call-back and independent validation of any bank-detail change";"Rückruf und unabhängige Freigabe jeder Änderung von Bankverbindungen";"Verificación telefónica y validación independiente de todo cambio de datos bancarios";"Richiamata e validazione indipendente di ogni modifica delle coordinate bancarie";"périodicité MENSUEL ; type PREVENTIF";"";"";""
"agricole.control.safety-briefing";"1.10";"AGRICOLE";"Contrôle-type";"agricole.process.production";"Produire et récolter";"Vérification des consignes de sécurité et des habilitations des intervenants saisonniers";"Check of safety briefings and authorisations of seasonal workers";"Prüfung der Sicherheitsunterweisungen und Berechtigungen von Saisonkräften";"Verificación de las instrucciones de seguridad y habilitaciones de los trabajadores estacionales";"Verifica delle istruzioni di sicurezza e delle abilitazioni dei lavoratori stagionali";"périodicité TRIMESTRIEL ; type PREVENTIF";"";"";""
"agricole.control.crop-insurance";"1.10";"AGRICOLE";"Contrôle-type";"agricole.process.production";"Produire et récolter";"Revue de la couverture d’assurance des aléas climatiques et des stocks";"Review of insurance cover for weather hazards and stock";"Überprüfung des Versicherungsschutzes für Wetterrisiken und Lagerbestände";"Revisión de la cobertura de seguros frente a riesgos climáticos y existencias";"Revisione della copertura assicurativa per eventi climatici e scorte";"périodicité ANNUEL ; type PREVENTIF";"";"";""
"agricole.kri.batch-nonconformity";"1.10";"AGRICOLE";"KRI candidat";"agricole.process.quality";"Assurer la sécurité sanitaire et la traçabilité";"Lots non conformes ou bloqués";"Non-compliant or blocked batches";"Nicht konforme oder gesperrte Chargen";"Lotes no conformes o bloqueados";"Lotti non conformi o bloccati";"périodicité MENSUEL ; unité % ; dégradation à la hausse";"";"";""
"agricole.kri.recall-time";"1.10";"AGRICOLE";"KRI candidat";"agricole.process.quality";"Assurer la sécurité sanitaire et la traçabilité";"Temps de reconstitution de la traçabilité lors des exercices de rappel";"Time to reconstruct traceability in recall exercises";"Zeit zur Rekonstruktion der Rückverfolgbarkeit bei Rückrufübungen";"Tiempo de reconstrucción de la trazabilidad en los ejercicios de retirada";"Tempo di ricostruzione della tracciabilità negli esercizi di richiamo";"périodicité ANNUEL ; unité heures ; dégradation à la hausse";"";"";""
"agricole.kri.temperature-excursions";"1.10";"AGRICOLE";"KRI candidat";"agricole.process.cold-chain";"Stocker et transporter sous température dirigée";"Excursions de température hors limites";"Out-of-range temperature excursions";"Temperaturabweichungen außerhalb der Grenzwerte";"Excursiones de temperatura fuera de límites";"Escursioni di temperatura fuori limite";"périodicité MENSUEL ; unité nombre ; dégradation à la hausse";"";"";""
"agricole.kri.production-downtime";"1.10";"AGRICOLE";"KRI candidat";"agricole.process.farm-tech";"Exploiter les équipements connectés et les systèmes de pilotage";"Heures d’arrêt non planifié des lignes de production";"Hours of unplanned production-line downtime";"Stunden ungeplanter Stillstände der Produktionslinien";"Horas de parada no planificada de las líneas de producción";"Ore di fermo non pianificato delle linee di produzione";"périodicité MENSUEL ; unité heures ; dégradation à la hausse";"";"";""
"agricole.kri.connected-unpatched";"1.10";"AGRICOLE";"KRI candidat";"agricole.process.farm-tech";"Exploiter les équipements connectés et les systèmes de pilotage";"Équipements connectés avec mise à jour de sécurité en retard";"Connected equipment with overdue security updates";"Vernetzte Geräte mit überfälligen Sicherheitsupdates";"Equipos conectados con actualización de seguridad atrasada";"Apparecchiature connesse con aggiornamenti di sicurezza in ritardo";"périodicité MENSUEL ; unité nombre ; dégradation à la hausse";"";"";""
"agricole.kri.labelling-corrections";"1.10";"AGRICOLE";"KRI candidat";"agricole.process.processing";"Transformer et conditionner les produits";"Corrections d’étiquetage après impression";"Labelling corrections after printing";"Etikettenkorrekturen nach dem Druck";"Correcciones de etiquetado tras la impresión";"Correzioni di etichettatura dopo la stampa";"périodicité MENSUEL ; unité nombre ; dégradation à la hausse";"";"";""
"agricole.kri.input-coverage";"1.10";"AGRICOLE";"KRI candidat";"agricole.process.production";"Produire et récolter";"Jours de couverture des intrants critiques";"Days of cover of critical inputs";"Reichweite kritischer Betriebsmittel in Tagen";"Días de cobertura de insumos críticos";"Giorni di copertura degli input critici";"périodicité MENSUEL ; unité jours ; dégradation à la baisse";"";"";""
"agricole.kri.workplace-accidents";"1.10";"AGRICOLE";"KRI candidat";"agricole.process.production";"Produire et récolter";"Accidents du travail déclarés";"Reported workplace accidents";"Gemeldete Arbeitsunfälle";"Accidentes laborales notificados";"Infortuni sul lavoro denunciati";"périodicité MENSUEL ; unité nombre ; dégradation à la hausse";"";"";""
"agricole.audit.food-safety";"1.10";"AGRICOLE";"Mission d’audit type";"agricole.process.quality";"Assurer la sécurité sanitaire et la traçabilité";"Audit du dispositif de sécurité sanitaire";"Audit of the food-safety system";"Audit des Lebensmittelsicherheitssystems";"Auditoría del sistema de seguridad alimentaria";"Audit del sistema di sicurezza alimentare";"";"Les dangers et points critiques sont analysés et revus à chaque changement | Les enregistrements de surveillance sont complets et conservés | Les produits non conformes sont isolés et traités | L’étiquetage est contrôlé avant mise sur le marché";"";""
"agricole.audit.traceability-recall";"1.10";"AGRICOLE";"Mission d’audit type";"agricole.process.quality";"Assurer la sécurité sanitaire et la traçabilité";"Audit de la traçabilité et de la gestion des rappels";"Audit of traceability and recall management";"Audit der Rückverfolgbarkeit und des Rückrufmanagements";"Auditoría de la trazabilidad y de la gestión de retiradas";"Audit della tracciabilità e della gestione dei richiami";"";"Chaque lot est rattaché à ses matières premières et à ses clients | Des exercices de rappel sont réalisés et leurs enseignements suivis | La procédure d’information des autorités et des clients est définie | Les données de traçabilité sont sauvegardées et protégées";"";""
"agricole.audit.cold-chain";"1.10";"AGRICOLE";"Mission d’audit type";"agricole.process.cold-chain";"Stocker et transporter sous température dirigée";"Audit de la chaîne du froid";"Audit of the cold chain";"Audit der Kühlkette";"Auditoría de la cadena de frío";"Audit della catena del freddo";"";"Les températures sont surveillées en continu avec alarme | Les sondes sont étalonnées et les relevés conservés | Les procédures de panne et les groupes de secours sont testés | Les transporteurs sont évalués sur la maîtrise de la température";"";""
"agricole.audit.farm-technology";"1.10";"AGRICOLE";"Mission d’audit type";"agricole.process.farm-tech";"Exploiter les équipements connectés et les systèmes de pilotage";"Audit de la sécurité des équipements connectés et du pilotage";"Audit of connected-equipment and control-system security";"Audit der Sicherheit vernetzter Anlagen und Steuerungen";"Auditoría de la seguridad de los equipos conectados y del control";"Audit della sicurezza delle apparecchiature connesse e dei sistemi di controllo";"";"Les équipements connectés sont inventoriés avec leur propriétaire | Le réseau de pilotage est séparé du réseau bureautique | Les accès des fabricants sont limités, tracés et temporaires | Les paramètres de lignes sont sauvegardés et restaurables";"";""
"immobilier.process.projects";"1.10";"IMMOBILIER";"Processus";"";"";"Conduire les opérations de promotion et de construction";"Run development and construction projects";"Projektentwicklungen und Bauvorhaben steuern";"Dirigir las operaciones de promoción y construcción";"Gestire le operazioni di sviluppo e costruzione";"";"";"";""
"immobilier.process.sites";"1.10";"IMMOBILIER";"Processus";"";"";"Piloter les chantiers et la sécurité";"Manage construction sites and safety";"Baustellen und Arbeitssicherheit steuern";"Dirigir las obras y la seguridad";"Gestire i cantieri e la sicurezza";"";"";"";""
"immobilier.process.transactions";"1.10";"IMMOBILIER";"Processus";"";"";"Réaliser les transactions et gérer les fonds des clients";"Carry out transactions and handle client funds";"Transaktionen abwickeln und Kundengelder verwalten";"Realizar las transacciones y gestionar los fondos de clientes";"Eseguire le transazioni e gestire i fondi dei clienti";"";"";"";""
"immobilier.process.property-mgmt";"1.10";"IMMOBILIER";"Processus";"";"";"Gérer les biens, les locataires et les copropriétés";"Manage properties, tenants and co-owned buildings";"Immobilien, Mieter und Eigentümergemeinschaften verwalten";"Gestionar los inmuebles, los inquilinos y las comunidades de propietarios";"Gestire immobili, inquilini e condomini";"";"";"";""
"immobilier.process.assets";"1.10";"IMMOBILIER";"Processus";"";"";"Exploiter, entretenir et sécuriser les bâtiments";"Operate, maintain and secure buildings";"Gebäude betreiben, instand halten und sichern";"Operar, mantener y proteger los edificios";"Gestire, manutenere e proteggere gli edifici";"";"";"";""
"immobilier.process.subcontracting";"1.10";"IMMOBILIER";"Processus";"";"";"Contractualiser et suivre les entreprises et sous-traitants";"Contract and follow up contractors and subcontractors";"Unternehmen und Nachunternehmer beauftragen und steuern";"Contratar y seguir a las empresas y subcontratistas";"Contrattualizzare e seguire imprese e subappaltatori";"";"";"";""
"immobilier.risk.client-funds";"1.10";"IMMOBILIER";"Risque (événement-type)";"immobilier.process.transactions";"Réaliser les transactions et gérer les fonds des clients";"Des fonds de clients, dépôts de garantie ou charges de copropriété sont détournés";"Client funds, deposits or service charges are misappropriated";"Kundengelder, Kautionen oder Nebenkosten werden veruntreut";"Se desvían fondos de clientes, depósitos de garantía o gastos de comunidad";"Fondi dei clienti, depositi cauzionali o spese condominiali vengono sottratti";"";"";"";""
"immobilier.risk.wire-fraud";"1.10";"IMMOBILIER";"Risque (événement-type)";"immobilier.process.transactions";"Réaliser les transactions et gérer les fonds des clients";"Un virement d’acquéreur est détourné par faux RIB lors d’une vente";"A buyer’s transfer is diverted through fake bank details during a sale";"Eine Käuferüberweisung wird durch gefälschte Kontodaten bei einem Verkauf umgeleitet";"La transferencia de un comprador se desvía mediante un IBAN falso en una venta";"Il bonifico di un acquirente viene dirottato con coordinate bancarie false durante una vendita";"";"";"";""
"immobilier.risk.aml-real-estate";"1.10";"IMMOBILIER";"Risque (événement-type)";"immobilier.process.transactions";"Réaliser les transactions et gérer les fonds des clients";"Une opération immobilière sert au blanchiment sans vigilance suffisante";"A property transaction is used for money laundering without adequate vigilance";"Eine Immobilientransaktion dient der Geldwäsche ohne ausreichende Sorgfalt";"Una operación inmobiliaria se usa para blanquear capitales sin diligencia suficiente";"Un’operazione immobiliare serve al riciclaggio senza adeguata vigilanza";"";"";"";""
"immobilier.risk.tenant-data";"1.10";"IMMOBILIER";"Risque (événement-type)";"immobilier.process.property-mgmt";"Gérer les biens, les locataires et les copropriétés";"Des dossiers de locataires ou d’acquéreurs sont divulgués";"Tenant or buyer files are disclosed";"Akten von Mietern oder Käufern werden offengelegt";"Se divulgan expedientes de inquilinos o compradores";"Vengono divulgati fascicoli di inquilini o acquirenti";"";"";"";""
"immobilier.risk.site-accident";"1.10";"IMMOBILIER";"Risque (événement-type)";"immobilier.process.sites";"Piloter les chantiers et la sécurité";"Un accident grave survient sur un chantier";"A serious accident occurs on a construction site";"Auf einer Baustelle ereignet sich ein schwerer Unfall";"Ocurre un accidente grave en una obra";"Si verifica un grave incidente in un cantiere";"";"";"";""
"immobilier.risk.delay-overrun";"1.10";"IMMOBILIER";"Risque (événement-type)";"immobilier.process.projects";"Conduire les opérations de promotion et de construction";"Un retard ou un dépassement de coût compromet l’équilibre d’une opération";"A delay or cost overrun undermines the viability of a project";"Eine Verzögerung oder Kostenüberschreitung gefährdet die Wirtschaftlichkeit eines Projekts";"Un retraso o sobrecoste compromete el equilibrio de una operación";"Un ritardo o un superamento dei costi compromette l’equilibrio di un’operazione";"";"";"";""
"immobilier.risk.subcontractor-failure";"1.10";"IMMOBILIER";"Risque (événement-type)";"immobilier.process.subcontracting";"Contractualiser et suivre les entreprises et sous-traitants";"Une entreprise ou un sous-traitant défaille en cours de chantier";"A contractor or subcontractor fails during construction";"Ein Unternehmen oder Nachunternehmer fällt während der Bauphase aus";"Una empresa o subcontratista incumple durante la obra";"Un’impresa o un subappaltatore viene meno durante il cantiere";"";"";"";""
"immobilier.risk.undeclared-labour";"1.10";"IMMOBILIER";"Risque (événement-type)";"immobilier.process.subcontracting";"Contractualiser et suivre les entreprises et sous-traitants";"Un sous-traitant emploie du personnel non déclaré sur un chantier";"A subcontractor uses undeclared workers on a site";"Ein Nachunternehmer beschäftigt nicht gemeldete Arbeitskräfte auf einer Baustelle";"Un subcontratista emplea personal no declarado en una obra";"Un subappaltatore impiega personale non dichiarato in un cantiere";"";"";"";""
"immobilier.risk.defect-liability";"1.10";"IMMOBILIER";"Risque (événement-type)";"immobilier.process.projects";"Conduire les opérations de promotion et de construction";"Un désordre de construction engage la garantie après réception";"A construction defect triggers liability after handover";"Ein Baumangel löst die Gewährleistung nach der Abnahme aus";"Un defecto de construcción activa la garantía tras la recepción";"Un difetto di costruzione fa scattare la garanzia dopo la consegna";"";"";"";""
"immobilier.risk.building-systems";"1.10";"IMMOBILIER";"Risque (événement-type)";"immobilier.process.assets";"Exploiter, entretenir et sécuriser les bâtiments";"Un système technique de bâtiment connecté est compromis (accès, chauffage, ascenseurs)";"A connected building system is compromised (access, heating, lifts)";"Ein vernetztes Gebäudesystem wird kompromittiert (Zutritt, Heizung, Aufzüge)";"Un sistema técnico conectado del edificio se ve comprometido (acceso, calefacción, ascensores)";"Un sistema tecnico connesso dell’edificio viene compromesso (accessi, riscaldamento, ascensori)";"";"";"";""
"immobilier.risk.compliance-diagnostics";"1.10";"IMMOBILIER";"Risque (événement-type)";"immobilier.process.assets";"Exploiter, entretenir et sécuriser les bâtiments";"Une obligation technique de sécurité du bâtiment n’est pas respectée (contrôles périodiques)";"A technical building-safety obligation is missed (periodic inspections)";"Eine technische Gebäudesicherheitspflicht wird nicht erfüllt (wiederkehrende Prüfungen)";"No se cumple una obligación técnica de seguridad del edificio (revisiones periódicas)";"Un obbligo tecnico di sicurezza dell’edificio non viene rispettato (verifiche periodiche)";"";"";"";""
"immobilier.risk.rent-collection";"1.10";"IMMOBILIER";"Risque (événement-type)";"immobilier.process.property-mgmt";"Gérer les biens, les locataires et les copropriétés";"Des loyers ou charges ne sont pas appelés ou encaissés correctement";"Rents or charges are not called or collected correctly";"Mieten oder Nebenkosten werden nicht korrekt angefordert oder vereinnahmt";"Los alquileres o gastos no se reclaman o cobran correctamente";"Canoni o spese non vengono richiamati o incassati correttamente";"";"";"";""
"immobilier.control.escrow-reconciliation";"1.10";"IMMOBILIER";"Contrôle-type";"immobilier.process.transactions";"Réaliser les transactions et gérer les fonds des clients";"Rapprochement des comptes de fonds clients avec les mandats";"Reconciliation of client-fund accounts with mandates";"Abgleich der Kundengeldkonten mit den Aufträgen";"Conciliación de las cuentas de fondos de clientes con los mandatos";"Riconciliazione dei conti dei fondi clienti con i mandati";"périodicité MENSUEL ; type DETECTIF";"";"";""
"immobilier.control.payment-dual";"1.10";"IMMOBILIER";"Contrôle-type";"immobilier.process.transactions";"Réaliser les transactions et gérer les fonds des clients";"Double validation des virements sortant de comptes clients";"Dual approval of transfers out of client accounts";"Doppelte Freigabe von Überweisungen aus Kundenkonten";"Doble validación de las transferencias desde cuentas de clientes";"Doppia autorizzazione dei bonifici da conti clienti";"périodicité MENSUEL ; type PREVENTIF";"";"";""
"immobilier.control.bank-details-callback";"1.10";"IMMOBILIER";"Contrôle-type";"immobilier.process.transactions";"Réaliser les transactions et gérer les fonds des clients";"Rappel de vérification de tout RIB transmis par courriel avant paiement";"Call-back verification of any bank details sent by email before payment";"Rückruf-Verifizierung jeder per E-Mail übermittelten Bankverbindung vor Zahlung";"Verificación telefónica de todo IBAN enviado por correo antes del pago";"Richiamata di verifica di ogni IBAN inviato per e-mail prima del pagamento";"périodicité MENSUEL ; type PREVENTIF";"";"";""
"immobilier.control.client-due-diligence";"1.10";"IMMOBILIER";"Contrôle-type";"immobilier.process.transactions";"Réaliser les transactions et gérer les fonds des clients";"Contrôle par échantillon de la connaissance des clients et de l’origine des fonds";"Sample check of client knowledge and source of funds";"Stichprobenprüfung von Kundenkenntnis und Mittelherkunft";"Control por muestreo del conocimiento del cliente y del origen de los fondos";"Controllo a campione della conoscenza del cliente e dell’origine dei fondi";"périodicité TRIMESTRIEL ; type DETECTIF";"";"";""
"immobilier.control.aml-declarations";"1.10";"IMMOBILIER";"Contrôle-type";"immobilier.process.transactions";"Réaliser les transactions et gérer les fonds des clients";"Revue des opérations atypiques et des déclarations de soupçon";"Review of atypical transactions and suspicious-activity reports";"Überprüfung atypischer Transaktionen und Verdachtsmeldungen";"Revisión de las operaciones atípicas y de las declaraciones de sospecha";"Revisione delle operazioni atipiche e delle segnalazioni di operazioni sospette";"périodicité TRIMESTRIEL ; type DETECTIF";"";"";""
"immobilier.control.mandate-register";"1.10";"IMMOBILIER";"Contrôle-type";"immobilier.process.transactions";"Réaliser les transactions et gérer les fonds des clients";"Vérification de la tenue du registre des mandats et de la numérotation";"Check of the mandate register and numbering";"Prüfung der Führung des Auftragsregisters und der Nummerierung";"Verificación de la llevanza del registro de mandatos y su numeración";"Verifica della tenuta del registro dei mandati e della numerazione";"périodicité SEMESTRIEL ; type DETECTIF";"";"";""
"immobilier.control.tenant-file-access";"1.10";"IMMOBILIER";"Contrôle-type";"immobilier.process.property-mgmt";"Gérer les biens, les locataires et les copropriétés";"Revue des accès aux dossiers de locataires et d’acquéreurs";"Review of access to tenant and buyer files";"Überprüfung der Zugriffe auf Mieter- und Käuferakten";"Revisión de los accesos a expedientes de inquilinos y compradores";"Revisione degli accessi ai fascicoli di inquilini e acquirenti";"périodicité TRIMESTRIEL ; type DETECTIF";"";"";""
"immobilier.control.retention-files";"1.10";"IMMOBILIER";"Contrôle-type";"immobilier.process.property-mgmt";"Gérer les biens, les locataires et les copropriétés";"Contrôle des durées de conservation des dossiers de candidats non retenus";"Check of retention periods for files of unsuccessful applicants";"Prüfung der Aufbewahrungsfristen für Akten abgelehnter Bewerber";"Control de los plazos de conservación de los expedientes de candidatos no seleccionados";"Controllo dei tempi di conservazione dei fascicoli dei candidati non selezionati";"périodicité ANNUEL ; type DETECTIF";"";"";""
"immobilier.control.rent-calls";"1.10";"IMMOBILIER";"Contrôle-type";"immobilier.process.property-mgmt";"Gérer les biens, les locataires et les copropriétés";"Contrôle par échantillon des appels de loyers et de charges et des régularisations";"Sample check of rent and charge calls and settlements";"Stichprobenprüfung der Miet- und Nebenkostenanforderungen und Abrechnungen";"Control por muestreo de las llamadas de alquileres y gastos y sus regularizaciones";"Controllo a campione dei richiami di canoni e spese e dei conguagli";"périodicité TRIMESTRIEL ; type DETECTIF";"";"";""
"immobilier.control.arrears-follow-up";"1.10";"IMMOBILIER";"Contrôle-type";"immobilier.process.property-mgmt";"Gérer les biens, les locataires et les copropriétés";"Suivi des impayés et des relances";"Follow-up of arrears and reminders";"Nachverfolgung von Zahlungsrückständen und Mahnungen";"Seguimiento de los impagos y reclamaciones";"Monitoraggio delle morosità e dei solleciti";"périodicité MENSUEL ; type DETECTIF";"";"";""
"immobilier.control.site-safety-visits";"1.10";"IMMOBILIER";"Contrôle-type";"immobilier.process.sites";"Piloter les chantiers et la sécurité";"Visites de sécurité de chantier et suivi des écarts";"Construction-site safety visits and gap follow-up";"Sicherheitsbegehungen der Baustelle und Nachverfolgung von Abweichungen";"Visitas de seguridad de obra y seguimiento de desviaciones";"Visite di sicurezza di cantiere e monitoraggio degli scostamenti";"périodicité MENSUEL ; type DETECTIF";"";"";""
"immobilier.control.site-access-register";"1.10";"IMMOBILIER";"Contrôle-type";"immobilier.process.sites";"Piloter les chantiers et la sécurité";"Contrôle du registre d’accès et des habilitations des intervenants en chantier";"Check of the site-access register and workers’ authorisations";"Prüfung des Zutrittsregisters und der Berechtigungen der Baustellenbeschäftigten";"Control del registro de acceso y de las habilitaciones de los intervinientes en obra";"Controllo del registro degli accessi e delle abilitazioni degli addetti di cantiere";"périodicité MENSUEL ; type DETECTIF";"";"";""
"immobilier.control.subcontractor-vigilance";"1.10";"IMMOBILIER";"Contrôle-type";"immobilier.process.subcontracting";"Contractualiser et suivre les entreprises et sous-traitants";"Vérification des attestations de vigilance et d’assurance des sous-traitants";"Check of subcontractors’ compliance and insurance certificates";"Prüfung der Compliance- und Versicherungsnachweise der Nachunternehmer";"Verificación de los certificados de cumplimiento y seguro de los subcontratistas";"Verifica delle attestazioni di regolarità e assicurative dei subappaltatori";"périodicité TRIMESTRIEL ; type PREVENTIF";"";"";""
"immobilier.control.contractor-solvency";"1.10";"IMMOBILIER";"Contrôle-type";"immobilier.process.subcontracting";"Contractualiser et suivre les entreprises et sous-traitants";"Suivi de la situation financière des entreprises titulaires de lots importants";"Follow-up of the financial situation of contractors holding major packages";"Beobachtung der finanziellen Lage von Unternehmen mit wesentlichen Losen";"Seguimiento de la situación financiera de las empresas adjudicatarias de lotes importantes";"Monitoraggio della situazione finanziaria delle imprese titolari di lotti rilevanti";"périodicité TRIMESTRIEL ; type DETECTIF";"";"";""
"immobilier.control.budget-schedule";"1.10";"IMMOBILIER";"Contrôle-type";"immobilier.process.projects";"Conduire les opérations de promotion et de construction";"Revue du budget et du planning des opérations (écarts et révisions)";"Review of project budget and schedule (variances and revisions)";"Überprüfung von Budget und Terminplan der Vorhaben (Abweichungen und Änderungen)";"Revisión del presupuesto y del calendario de las operaciones (desviaciones y revisiones)";"Revisione di budget e programma delle operazioni (scostamenti e revisioni)";"périodicité MENSUEL ; type DETECTIF";"";"";""
"immobilier.control.handover-reserves";"1.10";"IMMOBILIER";"Contrôle-type";"immobilier.process.projects";"Conduire les opérations de promotion et de construction";"Suivi des réserves à la réception et des désordres signalés";"Follow-up of handover snags and reported defects";"Nachverfolgung von Abnahmemängeln und gemeldeten Schäden";"Seguimiento de las reservas en la recepción y de los desperfectos notificados";"Monitoraggio delle riserve alla consegna e dei difetti segnalati";"périodicité TRIMESTRIEL ; type DETECTIF";"";"";""
"immobilier.control.periodic-inspections";"1.10";"IMMOBILIER";"Contrôle-type";"immobilier.process.assets";"Exploiter, entretenir et sécuriser les bâtiments";"Suivi du calendrier des contrôles réglementaires périodiques des bâtiments";"Follow-up of the schedule of periodic regulatory building inspections";"Überwachung des Terminplans wiederkehrender gesetzlicher Gebäudeprüfungen";"Seguimiento del calendario de las revisiones reglamentarias periódicas de los edificios";"Monitoraggio del calendario delle verifiche normative periodiche degli edifici";"périodicité MENSUEL ; type PREVENTIF";"";"";""
"immobilier.control.building-system-access";"1.10";"IMMOBILIER";"Contrôle-type";"immobilier.process.assets";"Exploiter, entretenir et sécuriser les bâtiments";"Revue des accès distants et des comptes des systèmes techniques de bâtiment";"Review of remote access and accounts of building technical systems";"Überprüfung der Fernzugriffe und Konten der technischen Gebäudesysteme";"Revisión de los accesos remotos y cuentas de los sistemas técnicos de edificios";"Revisione degli accessi remoti e degli account dei sistemi tecnici degli edifici";"périodicité TRIMESTRIEL ; type DETECTIF";"";"";""
"immobilier.control.insurance-cover";"1.10";"IMMOBILIER";"Contrôle-type";"immobilier.process.projects";"Conduire les opérations de promotion et de construction";"Revue des garanties d’assurance de construction et de responsabilité professionnelle";"Review of construction and professional-liability insurance cover";"Überprüfung der Bauversicherungen und Berufshaftpflichtdeckung";"Revisión de las garantías de seguro de construcción y responsabilidad profesional";"Revisione delle coperture assicurative di costruzione e responsabilità professionale";"périodicité ANNUEL ; type PREVENTIF";"";"";""
"immobilier.control.sales-documents";"1.10";"IMMOBILIER";"Contrôle-type";"immobilier.process.transactions";"Réaliser les transactions et gérer les fonds des clients";"Contrôle par échantillon de la complétude des dossiers de vente et des diagnostics obligatoires";"Sample check of completeness of sales files and mandatory surveys";"Stichprobenprüfung der Vollständigkeit von Verkaufsakten und Pflichtgutachten";"Control por muestreo de la integridad de los expedientes de venta y de los diagnósticos obligatorios";"Controllo a campione della completezza dei fascicoli di vendita e delle diagnosi obbligatorie";"périodicité TRIMESTRIEL ; type DETECTIF";"";"";""
"immobilier.kri.fund-differences";"1.10";"IMMOBILIER";"KRI candidat";"immobilier.process.transactions";"Réaliser les transactions et gérer les fonds des clients";"Écarts de rapprochement des comptes de fonds clients";"Client-fund account reconciliation differences";"Abstimmungsdifferenzen der Kundengeldkonten";"Diferencias de conciliación de las cuentas de fondos de clientes";"Differenze di riconciliazione dei conti dei fondi clienti";"périodicité MENSUEL ; unité nombre ; dégradation à la hausse";"";"";""
"immobilier.kri.atypical-transactions";"1.10";"IMMOBILIER";"KRI candidat";"immobilier.process.transactions";"Réaliser les transactions et gérer les fonds des clients";"Opérations atypiques détectées";"Atypical transactions detected";"Erkannte atypische Transaktionen";"Operaciones atípicas detectadas";"Operazioni atipiche rilevate";"périodicité MENSUEL ; unité nombre ; dégradation à la hausse";"";"";""
"immobilier.kri.rent-arrears";"1.10";"IMMOBILIER";"KRI candidat";"immobilier.process.property-mgmt";"Gérer les biens, les locataires et les copropriétés";"Taux d’impayés de loyers et de charges";"Rent and charge arrears rate";"Quote der Miet- und Nebenkostenrückstände";"Tasa de impago de alquileres y gastos";"Tasso di morosità di canoni e spese";"périodicité MENSUEL ; unité % ; dégradation à la hausse";"";"";""
"immobilier.kri.site-accidents";"1.10";"IMMOBILIER";"KRI candidat";"immobilier.process.sites";"Piloter les chantiers et la sécurité";"Accidents avec arrêt sur les chantiers";"Lost-time accidents on construction sites";"Unfälle mit Ausfallzeit auf Baustellen";"Accidentes con baja en las obras";"Infortuni con astensione sui cantieri";"périodicité MENSUEL ; unité nombre ; dégradation à la hausse";"";"";""
"immobilier.kri.schedule-slip";"1.10";"IMMOBILIER";"KRI candidat";"immobilier.process.projects";"Conduire les opérations de promotion et de construction";"Retard moyen des opérations par rapport au planning";"Average project delay against schedule";"Durchschnittliche Projektverzögerung gegenüber dem Terminplan";"Retraso medio de las operaciones respecto al calendario";"Ritardo medio delle operazioni rispetto al programma";"périodicité MENSUEL ; unité jours ; dégradation à la hausse";"";"";""
"immobilier.kri.missing-certificates";"1.10";"IMMOBILIER";"KRI candidat";"immobilier.process.subcontracting";"Contractualiser et suivre les entreprises et sous-traitants";"Sous-traitants sans attestations à jour";"Subcontractors without up-to-date certificates";"Nachunternehmer ohne aktuelle Nachweise";"Subcontratistas sin certificados actualizados";"Subappaltatori senza attestazioni aggiornate";"périodicité TRIMESTRIEL ; unité nombre ; dégradation à la hausse";"";"";""
"immobilier.kri.overdue-inspections";"1.10";"IMMOBILIER";"KRI candidat";"immobilier.process.assets";"Exploiter, entretenir et sécuriser les bâtiments";"Contrôles périodiques de bâtiments échus";"Overdue periodic building inspections";"Überfällige wiederkehrende Gebäudeprüfungen";"Revisiones periódicas de edificios vencidas";"Verifiche periodiche degli edifici scadute";"périodicité MENSUEL ; unité nombre ; dégradation à la hausse";"";"";""
"immobilier.kri.snag-backlog";"1.10";"IMMOBILIER";"KRI candidat";"immobilier.process.projects";"Conduire les opérations de promotion et de construction";"Réserves de réception non levées au-delà du délai prévu";"Handover snags not cleared beyond the due date";"Abnahmemängel, die über die Frist hinaus nicht behoben sind";"Reservas de recepción no levantadas fuera del plazo previsto";"Riserve di consegna non sanate oltre il termine previsto";"périodicité MENSUEL ; unité nombre ; dégradation à la hausse";"";"";""
"immobilier.audit.client-funds";"1.10";"IMMOBILIER";"Mission d’audit type";"immobilier.process.transactions";"Réaliser les transactions et gérer les fonds des clients";"Audit de la gestion des fonds de clients";"Audit of client-fund management";"Audit der Verwaltung von Kundengeldern";"Auditoría de la gestión de fondos de clientes";"Audit della gestione dei fondi dei clienti";"";"Les fonds de clients sont séparés des fonds propres et rapprochés régulièrement | Les sorties de fonds sont autorisées selon les délégations | Les changements de coordonnées bancaires sont vérifiés par un canal indépendant | Les écarts sont expliqués et résolus dans des délais définis";"";""
"immobilier.audit.aml-programme";"1.10";"IMMOBILIER";"Mission d’audit type";"immobilier.process.transactions";"Réaliser les transactions et gérer les fonds des clients";"Audit du dispositif de lutte contre le blanchiment";"Audit of the anti-money-laundering framework";"Audit des Geldwäschepräventionssystems";"Auditoría del dispositivo contra el blanqueo de capitales";"Audit del dispositivo antiriciclaggio";"";"Une classification des risques clients et opérations est établie et revue | Les vérifications d’identité et d’origine des fonds sont documentées | Les opérations atypiques sont analysées et les déclarations tracées | Les collaborateurs sont formés et le dispositif est contrôlé";"";""
"immobilier.audit.site-safety";"1.10";"IMMOBILIER";"Mission d’audit type";"immobilier.process.sites";"Piloter les chantiers et la sécurité";"Audit de la sécurité des chantiers et de la sous-traitance";"Audit of site safety and subcontracting";"Audit der Baustellensicherheit und Nachunternehmerkette";"Auditoría de la seguridad de las obras y de la subcontratación";"Audit della sicurezza dei cantieri e del subappalto";"";"Un plan de prévention est établi pour chaque chantier | Les intervenants sont enregistrés et habilités | Les sous-traitants sont vérifiés avant leur intervention | Les accidents et presque-accidents sont analysés et suivis";"";""
"immobilier.audit.property-data";"1.10";"IMMOBILIER";"Mission d’audit type";"immobilier.process.property-mgmt";"Gérer les biens, les locataires et les copropriétés";"Audit de la protection des données de locataires et d’acquéreurs";"Audit of tenant and buyer data protection";"Audit des Schutzes von Mieter- und Käuferdaten";"Auditoría de la protección de datos de inquilinos y compradores";"Audit della protezione dei dati di inquilini e acquirenti";"";"Seules les pièces nécessaires sont demandées aux candidats | Les accès aux dossiers sont limités et tracés | Les dossiers sont purgés à l’issue de la durée de conservation | Les prestataires (syndic, diagnostiqueurs, logiciels) sont encadrés par contrat";"";""
"media.process.editorial";"1.10";"MEDIA";"Processus";"";"";"Produire et valider les contenus éditoriaux";"Produce and approve editorial content";"Redaktionelle Inhalte erstellen und freigeben";"Producir y validar los contenidos editoriales";"Produrre e approvare i contenuti editoriali";"";"";"";""
"media.process.publishing";"1.10";"MEDIA";"Processus";"";"";"Diffuser et publier sur les canaux numériques et linéaires";"Distribute and publish on digital and linear channels";"Über digitale und lineare Kanäle verbreiten und veröffentlichen";"Difundir y publicar en canales digitales y lineales";"Distribuire e pubblicare sui canali digitali e lineari";"";"";"";""
"media.process.rights";"1.10";"MEDIA";"Processus";"";"";"Gérer les droits d’auteur, droits voisins et licences";"Manage copyright, neighbouring rights and licences";"Urheberrechte, verwandte Schutzrechte und Lizenzen verwalten";"Gestionar los derechos de autor, derechos afines y licencias";"Gestire diritti d’autore, diritti connessi e licenze";"";"";"";""
"media.process.audience";"1.10";"MEDIA";"Processus";"";"";"Gérer les abonnés, l’audience et la publicité";"Manage subscribers, audience and advertising";"Abonnenten, Reichweite und Werbung steuern";"Gestionar los suscriptores, la audiencia y la publicidad";"Gestire abbonati, audience e pubblicità";"";"";"";""
"media.process.production";"1.10";"MEDIA";"Processus";"";"";"Réaliser les productions et les captations (tournages, événements)";"Carry out productions and recordings (shoots, events)";"Produktionen und Aufzeichnungen durchführen (Drehs, Veranstaltungen)";"Realizar las producciones y grabaciones (rodajes, eventos)";"Realizzare produzioni e riprese (set, eventi)";"";"";"";""
"media.process.archives";"1.10";"MEDIA";"Processus";"";"";"Conserver les archives, œuvres et collections";"Preserve archives, works and collections";"Archive, Werke und Sammlungen bewahren";"Conservar los archivos, obras y colecciones";"Conservare archivi, opere e collezioni";"";"";"";""
"media.risk.defamation";"1.10";"MEDIA";"Risque (événement-type)";"media.process.editorial";"Produire et valider les contenus éditoriaux";"Un contenu publié est diffamatoire ou porte atteinte à la vie privée";"Published content is defamatory or infringes privacy";"Ein veröffentlichter Inhalt ist diffamierend oder verletzt die Privatsphäre";"Un contenido publicado es difamatorio o vulnera la intimidad";"Un contenuto pubblicato è diffamatorio o lede la riservatezza";"";"";"";""
"media.risk.fake-content";"1.10";"MEDIA";"Risque (événement-type)";"media.process.editorial";"Produire et valider les contenus éditoriaux";"Un contenu falsifié ou généré artificiellement est publié sans vérification";"Falsified or artificially generated content is published without verification";"Ein gefälschter oder künstlich erzeugter Inhalt wird ohne Prüfung veröffentlicht";"Se publica sin verificar un contenido falsificado o generado artificialmente";"Un contenuto falsificato o generato artificialmente viene pubblicato senza verifica";"";"";"";""
"media.risk.source-exposure";"1.10";"MEDIA";"Risque (événement-type)";"media.process.editorial";"Produire et valider les contenus éditoriaux";"L’identité d’une source confidentielle est exposée";"The identity of a confidential source is exposed";"Die Identität einer vertraulichen Quelle wird offengelegt";"Se expone la identidad de una fuente confidencial";"L’identità di una fonte riservata viene esposta";"";"";"";""
"media.risk.account-takeover";"1.10";"MEDIA";"Risque (événement-type)";"media.process.publishing";"Diffuser et publier sur les canaux numériques et linéaires";"Un compte de réseau social ou de publication est piraté et diffuse de faux messages";"A social or publishing account is hijacked and spreads false messages";"Ein Social-Media- oder Redaktionskonto wird übernommen und verbreitet falsche Nachrichten";"Una cuenta de redes sociales o de publicación es pirateada y difunde mensajes falsos";"Un account social o editoriale viene violato e diffonde messaggi falsi";"";"";"";""
"media.risk.broadcast-outage";"1.10";"MEDIA";"Risque (événement-type)";"media.process.publishing";"Diffuser et publier sur les canaux numériques et linéaires";"Une panne interrompt la diffusion ou la publication en direct";"An outage interrupts live broadcast or publication";"Ein Ausfall unterbricht die Live-Ausstrahlung oder -Veröffentlichung";"Una avería interrumpe la emisión o publicación en directo";"Un guasto interrompe la trasmissione o la pubblicazione in diretta";"";"";"";""
"media.risk.site-defacement";"1.10";"MEDIA";"Risque (événement-type)";"media.process.publishing";"Diffuser et publier sur les canaux numériques et linéaires";"Un site ou une application est défiguré ou rendu indisponible lors d’un pic d’audience";"A site or app is defaced or made unavailable during an audience peak";"Eine Website oder App wird bei einem Zuschauerhoch verunstaltet oder unerreichbar";"Un sitio o aplicación es alterado o queda inaccesible durante un pico de audiencia";"Un sito o un’app viene deturpato o reso indisponibile durante un picco di audience";"";"";"";""
"media.risk.rights-infringement";"1.10";"MEDIA";"Risque (événement-type)";"media.process.rights";"Gérer les droits d’auteur, droits voisins et licences";"Une œuvre est utilisée sans licence ou au-delà des droits acquis";"A work is used without a licence or beyond the rights acquired";"Ein Werk wird ohne Lizenz oder über die erworbenen Rechte hinaus genutzt";"Una obra se utiliza sin licencia o más allá de los derechos adquiridos";"Un’opera viene utilizzata senza licenza o oltre i diritti acquisiti";"";"";"";""
"media.risk.pre-release-leak";"1.10";"MEDIA";"Risque (événement-type)";"media.process.production";"Réaliser les productions et les captations (tournages, événements)";"Un contenu inédit fuite avant sa date de sortie";"Unreleased content leaks before its release date";"Ein unveröffentlichter Inhalt gelangt vor dem Veröffentlichungstermin an die Öffentlichkeit";"Un contenido inédito se filtra antes de su fecha de estreno";"Un contenuto inedito trapela prima della data di uscita";"";"";"";""
"media.risk.subscriber-data";"1.10";"MEDIA";"Risque (événement-type)";"media.process.audience";"Gérer les abonnés, l’audience et la publicité";"Des données d’abonnés ou d’audience sont divulguées";"Subscriber or audience data is disclosed";"Abonnenten- oder Reichweitendaten werden offengelegt";"Se divulgan datos de suscriptores o de audiencia";"Vengono divulgati dati di abbonati o di audience";"";"";"";""
"media.risk.ad-fraud";"1.10";"MEDIA";"Risque (événement-type)";"media.process.audience";"Gérer les abonnés, l’audience et la publicité";"Un trafic ou des impressions publicitaires frauduleux faussent les revenus";"Fraudulent traffic or ad impressions distort revenue";"Betrügerischer Traffic oder Werbeeinblendungen verfälschen die Erlöse";"Un tráfico o impresiones publicitarias fraudulentas distorsionan los ingresos";"Traffico o impression pubblicitarie fraudolenti falsano i ricavi";"";"";"";""
"media.risk.archive-loss";"1.10";"MEDIA";"Risque (événement-type)";"media.process.archives";"Conserver les archives, œuvres et collections";"Des archives ou des œuvres numérisées sont perdues ou illisibles";"Archives or digitised works are lost or unreadable";"Archive oder digitalisierte Werke gehen verloren oder sind nicht mehr lesbar";"Se pierden o quedan ilegibles archivos u obras digitalizadas";"Archivi o opere digitalizzate vengono perse o diventano illeggibili";"";"";"";""
"media.risk.event-safety";"1.10";"MEDIA";"Risque (événement-type)";"media.process.production";"Réaliser les productions et les captations (tournages, événements)";"Un incident de sécurité des personnes survient lors d’un tournage ou d’un événement";"A safety incident involving people occurs during a shoot or event";"Bei einem Dreh oder einer Veranstaltung kommt es zu einem Sicherheitsvorfall mit Personen";"Ocurre un incidente de seguridad de las personas durante un rodaje o evento";"Si verifica un incidente di sicurezza delle persone durante una ripresa o un evento";"";"";"";""
"media.control.editorial-validation";"1.10";"MEDIA";"Contrôle-type";"media.process.editorial";"Produire et valider les contenus éditoriaux";"Revue par échantillon de la validation éditoriale avant publication des contenus sensibles";"Sample review of editorial approval before publishing sensitive content";"Stichprobenprüfung der redaktionellen Freigabe vor Veröffentlichung sensibler Inhalte";"Revisión por muestreo de la validación editorial antes de publicar contenidos sensibles";"Revisione a campione dell’approvazione editoriale prima della pubblicazione di contenuti sensibili";"périodicité MENSUEL ; type PREVENTIF";"";"";""
"media.control.source-verification";"1.10";"MEDIA";"Contrôle-type";"media.process.editorial";"Produire et valider les contenus éditoriaux";"Contrôle de l’application de la procédure de vérification des contenus et sources";"Check that content and source verification procedures are applied";"Prüfung der Anwendung des Verfahrens zur Überprüfung von Inhalten und Quellen";"Control de la aplicación del procedimiento de verificación de contenidos y fuentes";"Controllo dell’applicazione della procedura di verifica di contenuti e fonti";"périodicité MENSUEL ; type PREVENTIF";"";"";""
"media.control.corrections-log";"1.10";"MEDIA";"Contrôle-type";"media.process.editorial";"Produire et valider les contenus éditoriaux";"Revue du registre des demandes de rectification et droits de réponse";"Review of the log of correction and right-of-reply requests";"Überprüfung des Registers der Berichtigungs- und Gegendarstellungsverlangen";"Revisión del registro de solicitudes de rectificación y derecho de réplica";"Revisione del registro delle richieste di rettifica e diritto di replica";"périodicité TRIMESTRIEL ; type DETECTIF";"";"";""
"media.control.source-protection";"1.10";"MEDIA";"Contrôle-type";"media.process.editorial";"Produire et valider les contenus éditoriaux";"Revue des accès aux dossiers contenant des sources confidentielles";"Review of access to files containing confidential sources";"Überprüfung der Zugriffe auf Akten mit vertraulichen Quellen";"Revisión de los accesos a expedientes con fuentes confidenciales";"Revisione degli accessi ai fascicoli contenenti fonti riservate";"périodicité TRIMESTRIEL ; type DETECTIF";"";"";""
"media.control.secure-channels";"1.10";"MEDIA";"Contrôle-type";"media.process.editorial";"Produire et valider les contenus éditoriaux";"Vérification de l’usage de canaux chiffrés pour les échanges avec les sources";"Check of encrypted channels for exchanges with sources";"Prüfung der Nutzung verschlüsselter Kanäle für den Austausch mit Quellen";"Verificación del uso de canales cifrados para los intercambios con las fuentes";"Verifica dell’uso di canali cifrati per gli scambi con le fonti";"périodicité SEMESTRIEL ; type DETECTIF";"";"";""
"media.control.social-accounts";"1.10";"MEDIA";"Contrôle-type";"media.process.publishing";"Diffuser et publier sur les canaux numériques et linéaires";"Revue des accès et de l’authentification renforcée des comptes de publication";"Review of access and strong authentication on publishing accounts";"Überprüfung der Zugriffe und der starken Authentifizierung der Veröffentlichungskonten";"Revisión de los accesos y de la autenticación reforzada de las cuentas de publicación";"Revisione degli accessi e dell’autenticazione forte degli account di pubblicazione";"périodicité TRIMESTRIEL ; type DETECTIF";"";"";""
"media.control.cms-privileges";"1.10";"MEDIA";"Contrôle-type";"media.process.publishing";"Diffuser et publier sur les canaux numériques et linéaires";"Revue des droits dans le système de gestion de contenus";"Review of rights in the content-management system";"Überprüfung der Rechte im Content-Management-System";"Revisión de los derechos en el sistema de gestión de contenidos";"Revisione dei diritti nel sistema di gestione dei contenuti";"périodicité TRIMESTRIEL ; type DETECTIF";"";"";""
"media.control.failover-test";"1.10";"MEDIA";"Contrôle-type";"media.process.publishing";"Diffuser et publier sur les canaux numériques et linéaires";"Test de bascule de la diffusion sur la chaîne de secours";"Failover test of broadcast to the backup chain";"Umschalttest der Ausstrahlung auf die Ersatzkette";"Prueba de conmutación de la emisión a la cadena de respaldo";"Test di commutazione della trasmissione sulla catena di backup";"périodicité SEMESTRIEL ; type DETECTIF";"";"";""
"media.control.load-test";"1.10";"MEDIA";"Contrôle-type";"media.process.publishing";"Diffuser et publier sur les canaux numériques et linéaires";"Test de charge avant les temps forts (élections, événements, sorties)";"Load test before peak events (elections, events, releases)";"Lasttest vor Spitzenereignissen (Wahlen, Veranstaltungen, Veröffentlichungen)";"Prueba de carga antes de los picos (elecciones, eventos, estrenos)";"Test di carico prima dei picchi (elezioni, eventi, uscite)";"périodicité SEMESTRIEL ; type PREVENTIF";"";"";""
"media.control.ddos-readiness";"1.10";"MEDIA";"Contrôle-type";"media.process.publishing";"Diffuser et publier sur les canaux numériques et linéaires";"Vérification du dispositif de protection contre les attaques par déni de service";"Check of denial-of-service protection arrangements";"Prüfung der Schutzvorkehrungen gegen Denial-of-Service-Angriffe";"Verificación del dispositivo de protección contra ataques de denegación de servicio";"Verifica del dispositivo di protezione contro gli attacchi di tipo denial of service";"périodicité SEMESTRIEL ; type PREVENTIF";"";"";""
"media.control.licence-register";"1.10";"MEDIA";"Contrôle-type";"media.process.rights";"Gérer les droits d’auteur, droits voisins et licences";"Rapprochement des usages d’œuvres avec le registre des licences et droits acquis";"Reconciliation of uses of works with the licence and rights register";"Abgleich der Werknutzungen mit dem Lizenz- und Rechteregister";"Conciliación de los usos de obras con el registro de licencias y derechos adquiridos";"Riconciliazione degli usi di opere con il registro di licenze e diritti acquisiti";"périodicité TRIMESTRIEL ; type DETECTIF";"";"";""
"media.control.rights-expiry";"1.10";"MEDIA";"Contrôle-type";"media.process.rights";"Gérer les droits d’auteur, droits voisins et licences";"Suivi des échéances de droits et retrait des contenus à l’échéance";"Follow-up of rights expiry dates and content removal on expiry";"Überwachung der Ablaufdaten von Rechten und Entfernung von Inhalten bei Ablauf";"Seguimiento de los vencimientos de derechos y retirada de contenidos al vencimiento";"Monitoraggio delle scadenze dei diritti e rimozione dei contenuti alla scadenza";"périodicité MENSUEL ; type PREVENTIF";"";"";""
"media.control.freelance-contracts";"1.10";"MEDIA";"Contrôle-type";"media.process.rights";"Gérer les droits d’auteur, droits voisins et licences";"Vérification des cessions de droits dans les contrats de pigistes et de producteurs";"Check of rights assignments in freelancer and producer contracts";"Prüfung der Rechteübertragungen in Verträgen mit freien Mitarbeitern und Produzenten";"Verificación de las cesiones de derechos en los contratos de colaboradores y productores";"Verifica delle cessioni di diritti nei contratti con freelance e produttori";"périodicité ANNUEL ; type PREVENTIF";"";"";""
"media.control.notice-and-action";"1.10";"MEDIA";"Contrôle-type";"media.process.audience";"Gérer les abonnés, l’audience et la publicité";"Revue du traitement des signalements de contenus illicites";"Review of handling of illegal-content notices";"Überprüfung der Bearbeitung von Meldungen rechtswidriger Inhalte";"Revisión del tratamiento de las notificaciones de contenidos ilícitos";"Revisione della gestione delle segnalazioni di contenuti illeciti";"périodicité TRIMESTRIEL ; type DETECTIF";"";"";""
"media.control.subscriber-access";"1.10";"MEDIA";"Contrôle-type";"media.process.audience";"Gérer les abonnés, l’audience et la publicité";"Revue des accès aux données d’abonnés et d’audience";"Review of access to subscriber and audience data";"Überprüfung der Zugriffe auf Abonnenten- und Reichweitendaten";"Revisión de los accesos a los datos de suscriptores y audiencia";"Revisione degli accessi ai dati di abbonati e audience";"périodicité TRIMESTRIEL ; type DETECTIF";"";"";""
"media.control.consent-trackers";"1.10";"MEDIA";"Contrôle-type";"media.process.audience";"Gérer les abonnés, l’audience et la publicité";"Contrôle du recueil du consentement et des traceurs publicitaires";"Check of consent collection and advertising trackers";"Prüfung der Einwilligungseinholung und der Werbe-Tracker";"Control de la obtención del consentimiento y de los rastreadores publicitarios";"Controllo della raccolta del consenso e dei tracker pubblicitari";"périodicité SEMESTRIEL ; type DETECTIF";"";"";""
"media.control.ad-traffic-quality";"1.10";"MEDIA";"Contrôle-type";"media.process.audience";"Gérer les abonnés, l’audience et la publicité";"Revue de la qualité du trafic publicitaire et des anomalies d’impressions";"Review of ad-traffic quality and impression anomalies";"Überprüfung der Qualität des Werbe-Traffics und von Einblendungs-Anomalien";"Revisión de la calidad del tráfico publicitario y de las anomalías de impresiones";"Revisione della qualità del traffico pubblicitario e delle anomalie di impression";"périodicité MENSUEL ; type DETECTIF";"";"";""
"media.control.pre-release-access";"1.10";"MEDIA";"Contrôle-type";"media.process.production";"Réaliser les productions et les captations (tournages, événements)";"Revue des accès aux contenus inédits et aux dailies";"Review of access to unreleased content and dailies";"Überprüfung der Zugriffe auf unveröffentlichte Inhalte und Tagesmaterial";"Revisión de los accesos a contenidos inéditos y a copias de trabajo";"Revisione degli accessi a contenuti inediti e ai giornalieri";"périodicité MENSUEL ; type DETECTIF";"";"";""
"media.control.archive-restore";"1.10";"MEDIA";"Contrôle-type";"media.process.archives";"Conserver les archives, œuvres et collections";"Test de restauration d’un échantillon d’archives numériques";"Restoration test of a sample of digital archives";"Wiederherstellungstest an einer Stichprobe digitaler Archive";"Prueba de restauración de una muestra de archivos digitales";"Test di ripristino su un campione di archivi digitali";"périodicité ANNUEL ; type DETECTIF";"";"";""
"media.control.shoot-safety";"1.10";"MEDIA";"Contrôle-type";"media.process.production";"Réaliser les productions et les captations (tournages, événements)";"Vérification des plans de sécurité des tournages et événements";"Check of safety plans for shoots and events";"Prüfung der Sicherheitskonzepte für Dreharbeiten und Veranstaltungen";"Verificación de los planes de seguridad de rodajes y eventos";"Verifica dei piani di sicurezza di riprese ed eventi";"périodicité TRIMESTRIEL ; type PREVENTIF";"";"";""
"media.kri.publication-corrections";"1.10";"MEDIA";"KRI candidat";"media.process.editorial";"Produire et valider les contenus éditoriaux";"Corrections ou retraits de contenus publiés";"Corrections or retractions of published content";"Korrekturen oder Rücknahmen veröffentlichter Inhalte";"Correcciones o retiradas de contenidos publicados";"Correzioni o ritiri di contenuti pubblicati";"périodicité MENSUEL ; unité nombre ; dégradation à la hausse";"";"";""
"media.kri.legal-claims";"1.10";"MEDIA";"KRI candidat";"media.process.editorial";"Produire et valider les contenus éditoriaux";"Mises en demeure ou plaintes relatives à des contenus";"Formal notices or complaints about content";"Abmahnungen oder Beschwerden zu Inhalten";"Requerimientos o quejas relativos a contenidos";"Diffide o reclami relativi ai contenuti";"périodicité MENSUEL ; unité nombre ; dégradation à la hausse";"";"";""
"media.kri.airtime-lost";"1.10";"MEDIA";"KRI candidat";"media.process.publishing";"Diffuser et publier sur les canaux numériques et linéaires";"Durée d’interruption de diffusion ou de publication";"Duration of broadcast or publication interruption";"Dauer der Unterbrechung von Ausstrahlung oder Veröffentlichung";"Duración de la interrupción de emisión o publicación";"Durata dell’interruzione di trasmissione o pubblicazione";"périodicité MENSUEL ; unité minutes ; dégradation à la hausse";"";"";""
"media.kri.site-availability";"1.10";"MEDIA";"KRI candidat";"media.process.publishing";"Diffuser et publier sur les canaux numériques et linéaires";"Disponibilité des sites et applications lors des pics d’audience";"Availability of sites and apps during audience peaks";"Verfügbarkeit von Websites und Apps bei Zuschauerspitzen";"Disponibilidad de sitios y aplicaciones durante los picos de audiencia";"Disponibilità di siti e app durante i picchi di audience";"périodicité MENSUEL ; unité % ; dégradation à la baisse";"";"";""
"media.kri.expired-rights";"1.10";"MEDIA";"KRI candidat";"media.process.rights";"Gérer les droits d’auteur, droits voisins et licences";"Contenus en ligne dont les droits sont échus";"Online content whose rights have expired";"Online verfügbare Inhalte mit abgelaufenen Rechten";"Contenidos en línea con derechos vencidos";"Contenuti online con diritti scaduti";"périodicité MENSUEL ; unité nombre ; dégradation à la hausse";"";"";""
"media.kri.notices-backlog";"1.10";"MEDIA";"KRI candidat";"media.process.audience";"Gérer les abonnés, l’audience et la publicité";"Signalements de contenus illicites non traités dans le délai cible";"Illegal-content notices not handled within the target time";"Meldungen rechtswidriger Inhalte, die nicht innerhalb der Zielzeit bearbeitet wurden";"Notificaciones de contenidos ilícitos no tramitadas en el plazo objetivo";"Segnalazioni di contenuti illeciti non gestite entro il termine obiettivo";"périodicité MENSUEL ; unité nombre ; dégradation à la hausse";"";"";""
"media.kri.invalid-traffic";"1.10";"MEDIA";"KRI candidat";"media.process.audience";"Gérer les abonnés, l’audience et la publicité";"Part du trafic publicitaire jugé invalide";"Share of ad traffic judged invalid";"Anteil des als ungültig eingestuften Werbe-Traffics";"Parte del tráfico publicitario considerada inválida";"Quota del traffico pubblicitario ritenuto non valido";"périodicité MENSUEL ; unité % ; dégradation à la hausse";"";"";""
"media.kri.archive-unread";"1.10";"MEDIA";"KRI candidat";"media.process.archives";"Conserver les archives, œuvres et collections";"Archives numériques non restaurées lors des tests (taux d’échec)";"Digital archives not restored in tests (failure rate)";"In Tests nicht wiederhergestellte digitale Archive (Fehlerquote)";"Archivos digitales no restaurados en las pruebas (tasa de fallo)";"Archivi digitali non ripristinati nei test (tasso di fallimento)";"périodicité ANNUEL ; unité % ; dégradation à la hausse";"";"";""
"media.audit.editorial-process";"1.10";"MEDIA";"Mission d’audit type";"media.process.editorial";"Produire et valider les contenus éditoriaux";"Audit du processus éditorial et de vérification";"Audit of the editorial and verification process";"Audit des redaktionellen Prozesses und der Faktenprüfung";"Auditoría del proceso editorial y de verificación";"Audit del processo editoriale e di verifica";"";"Les règles de validation et de vérification sont formalisées et connues | Les contenus sensibles font l’objet d’une double lecture | Les rectifications et droits de réponse sont suivis et traités dans les délais | La protection des sources est assurée techniquement et organisationnellement";"";""
"media.audit.publishing-continuity";"1.10";"MEDIA";"Mission d’audit type";"media.process.publishing";"Diffuser et publier sur les canaux numériques et linéaires";"Audit de la continuité de diffusion et de publication";"Audit of broadcast and publication continuity";"Audit der Kontinuität von Ausstrahlung und Veröffentlichung";"Auditoría de la continuidad de emisión y publicación";"Audit della continuità di trasmissione e pubblicazione";"";"Les chaînes critiques de diffusion sont identifiées avec leurs secours | Des tests de bascule et de charge sont réalisés avant les pics | Les comptes de publication sont protégés par une authentification renforcée | Un plan de communication de crise couvre les incidents de diffusion";"";""
"media.audit.rights-management";"1.10";"MEDIA";"Mission d’audit type";"media.process.rights";"Gérer les droits d’auteur, droits voisins et licences";"Audit de la gestion des droits et licences";"Audit of rights and licence management";"Audit der Rechte- und Lizenzverwaltung";"Auditoría de la gestión de derechos y licencias";"Audit della gestione di diritti e licenze";"";"Un registre des droits acquis, de leur durée et de leur territoire est tenu | Les contrats de création prévoient la cession des droits nécessaires | Les contenus dont les droits expirent sont retirés ou renouvelés | Les déclarations aux sociétés de gestion collective sont exactes";"";""
"media.audit.audience-data";"1.10";"MEDIA";"Mission d’audit type";"media.process.audience";"Gérer les abonnés, l’audience et la publicité";"Audit des données d’abonnés, d’audience et de la publicité";"Audit of subscriber, audience and advertising data";"Audit der Abonnenten-, Reichweiten- und Werbedaten";"Auditoría de los datos de suscriptores, audiencia y publicidad";"Audit dei dati di abbonati, audience e pubblicità";"";"Le recueil du consentement et la gestion des traceurs sont conformes aux règles applicables | Les accès aux données d’abonnés sont limités et tracés | Les prestataires publicitaires et de mesure d’audience sont encadrés par contrat | Le trafic invalide est détecté et son impact sur les revenus mesuré";"";""
"tourisme.process.booking";"1.10";"TOURISME";"Processus";"";"";"Gérer les réservations et la distribution";"Manage bookings and distribution";"Buchungen und Vertrieb verwalten";"Gestionar las reservas y la distribución";"Gestire le prenotazioni e la distribuzione";"";"";"";""
"tourisme.process.guest";"1.10";"TOURISME";"Processus";"";"";"Accueillir les clients et gérer leur séjour";"Welcome guests and manage their stay";"Gäste empfangen und ihren Aufenthalt betreuen";"Acoger a los clientes y gestionar su estancia";"Accogliere gli ospiti e gestire il loro soggiorno";"";"";"";""
"tourisme.process.payments";"1.10";"TOURISME";"Processus";"";"";"Encaisser et gérer les moyens de paiement";"Collect payments and manage payment means";"Zahlungen einziehen und Zahlungsmittel verwalten";"Cobrar y gestionar los medios de pago";"Incassare e gestire i mezzi di pagamento";"";"";"";""
"tourisme.process.food";"1.10";"TOURISME";"Processus";"";"";"Préparer et servir la restauration";"Prepare and serve food and beverages";"Speisen und Getränke zubereiten und servieren";"Preparar y servir la restauración";"Preparare e servire la ristorazione";"";"";"";""
"tourisme.process.operations";"1.10";"TOURISME";"Processus";"";"";"Exploiter les sites, l’hébergement et les équipements";"Operate sites, accommodation and equipment";"Standorte, Unterkünfte und Anlagen betreiben";"Operar los sitios, el alojamiento y los equipos";"Gestire siti, alloggi e attrezzature";"";"";"";""
"tourisme.process.travel-packages";"1.10";"TOURISME";"Processus";"";"";"Concevoir et exécuter les voyages et prestations avec des partenaires";"Design and deliver trips and services with partners";"Reisen und Leistungen mit Partnern konzipieren und erbringen";"Diseñar y ejecutar los viajes y servicios con socios";"Progettare ed eseguire viaggi e servizi con i partner";"";"";"";""
"tourisme.risk.card-data";"1.10";"TOURISME";"Risque (événement-type)";"tourisme.process.payments";"Encaisser et gérer les moyens de paiement";"Des données de cartes de paiement de clients sont compromises";"Customers’ payment-card data is compromised";"Zahlungskartendaten von Gästen werden kompromittiert";"Se comprometen datos de tarjetas de pago de clientes";"I dati delle carte di pagamento dei clienti vengono compromessi";"";"";"";""
"tourisme.risk.booking-fraud";"1.10";"TOURISME";"Risque (événement-type)";"tourisme.process.booking";"Gérer les réservations et la distribution";"Des réservations frauduleuses ou usurpations de comptes de réservation détournent des paiements";"Fraudulent bookings or hijacked booking accounts divert payments";"Betrügerische Buchungen oder übernommene Buchungskonten leiten Zahlungen um";"Reservas fraudulentas o cuentas de reserva usurpadas desvían pagos";"Prenotazioni fraudolente o account di prenotazione violati dirottano pagamenti";"";"";"";""
"tourisme.risk.guest-data";"1.10";"TOURISME";"Risque (événement-type)";"tourisme.process.guest";"Accueillir les clients et gérer leur séjour";"Des données de clients (identité, documents de voyage, préférences) sont divulguées";"Guest data (identity, travel documents, preferences) is disclosed";"Gästedaten (Identität, Reisedokumente, Präferenzen) werden offengelegt";"Se divulgan datos de clientes (identidad, documentos de viaje, preferencias)";"Vengono divulgati dati degli ospiti (identità, documenti di viaggio, preferenze)";"";"";"";""
"tourisme.risk.overbooking";"1.10";"TOURISME";"Risque (événement-type)";"tourisme.process.booking";"Gérer les réservations et la distribution";"Une surréservation ou un défaut de synchronisation des canaux prive des clients de leur prestation";"Overbooking or channel desynchronisation leaves guests without their service";"Überbuchung oder fehlende Kanalsynchronisierung lässt Gäste ohne Leistung";"Una sobrerreserva o la falta de sincronización de canales deja a clientes sin su servicio";"Un overbooking o una desincronizzazione dei canali lascia gli ospiti senza il servizio";"";"";"";""
"tourisme.risk.pms-outage";"1.10";"TOURISME";"Risque (événement-type)";"tourisme.process.booking";"Gérer les réservations et la distribution";"Une panne du système de gestion hôtelière ou de réservation bloque l’accueil";"A property-management or booking system outage blocks reception";"Ein Ausfall des Hotelverwaltungs- oder Buchungssystems blockiert den Empfang";"Una caída del sistema de gestión hotelera o de reservas bloquea la recepción";"Un’indisponibilità del sistema gestionale alberghiero o di prenotazione blocca l’accoglienza";"";"";"";""
"tourisme.risk.food-poisoning";"1.10";"TOURISME";"Risque (événement-type)";"tourisme.process.food";"Préparer et servir la restauration";"Une intoxication alimentaire touche plusieurs clients";"Food poisoning affects several guests";"Eine Lebensmittelvergiftung betrifft mehrere Gäste";"Una intoxicación alimentaria afecta a varios clientes";"Un’intossicazione alimentare colpisce più ospiti";"";"";"";""
"tourisme.risk.allergen-error";"1.10";"TOURISME";"Risque (événement-type)";"tourisme.process.food";"Préparer et servir la restauration";"Un allergène n’est pas signalé et un client est exposé";"An allergen is not flagged and a guest is exposed";"Ein Allergen wird nicht gekennzeichnet und ein Gast ist gefährdet";"No se señala un alérgeno y un cliente queda expuesto";"Un allergene non viene segnalato e un ospite è esposto";"";"";"";""
"tourisme.risk.guest-safety";"1.10";"TOURISME";"Risque (événement-type)";"tourisme.process.operations";"Exploiter les sites, l’hébergement et les équipements";"Un incident met en danger des clients (incendie, accident, baignade, activité à risque)";"An incident endangers guests (fire, accident, swimming, risky activity)";"Ein Vorfall gefährdet Gäste (Brand, Unfall, Baden, Risikoaktivität)";"Un incidente pone en peligro a clientes (incendio, accidente, baño, actividad de riesgo)";"Un incidente mette in pericolo gli ospiti (incendio, incidente, balneazione, attività a rischio)";"";"";"";""
"tourisme.risk.access-keys";"1.10";"TOURISME";"Risque (événement-type)";"tourisme.process.operations";"Exploiter les sites, l’hébergement et les équipements";"Un système de clés ou d’accès aux chambres est compromis";"A room key or access system is compromised";"Ein Schlüssel- oder Zutrittssystem für Zimmer wird kompromittiert";"Un sistema de llaves o de acceso a las habitaciones se ve comprometido";"Un sistema di chiavi o di accesso alle camere viene compromesso";"";"";"";""
"tourisme.risk.partner-failure";"1.10";"TOURISME";"Risque (événement-type)";"tourisme.process.travel-packages";"Concevoir et exécuter les voyages et prestations avec des partenaires";"Un prestataire local ou une compagnie défaille et la prestation vendue n’est pas délivrée";"A local provider or carrier fails and the sold service is not delivered";"Ein lokaler Dienstleister oder eine Fluggesellschaft fällt aus und die verkaufte Leistung wird nicht erbracht";"Un proveedor local o aerolínea incumple y no se presta el servicio vendido";"Un fornitore locale o un vettore viene meno e il servizio venduto non è erogato";"";"";"";""
"tourisme.risk.refund-liability";"1.10";"TOURISME";"Risque (événement-type)";"tourisme.process.travel-packages";"Concevoir et exécuter les voyages et prestations avec des partenaires";"Un remboursement ou une assistance dus aux voyageurs ne peuvent pas être assurés lors d’une défaillance";"A refund or assistance owed to travellers cannot be provided on a failure";"Eine Erstattung oder Hilfe für Reisende kann im Insolvenzfall nicht geleistet werden";"No se pueden asegurar un reembolso o una asistencia debidos a los viajeros en caso de quiebra";"Un rimborso o un’assistenza dovuti ai viaggiatori non possono essere garantiti in caso di insolvenza";"";"";"";""
"tourisme.risk.reputation-reviews";"1.10";"TOURISME";"Risque (événement-type)";"tourisme.process.guest";"Accueillir les clients et gérer leur séjour";"Des avis clients falsifiés ou une crise de réputation en ligne dégradent l’activité";"Fake reviews or an online reputation crisis damage business";"Gefälschte Bewertungen oder eine Reputationskrise im Netz schädigen das Geschäft";"Reseñas falsas o una crisis de reputación en línea dañan la actividad";"Recensioni false o una crisi di reputazione online danneggiano l’attività";"";"";"";""
"tourisme.risk.seasonal-staff";"1.10";"TOURISME";"Risque (événement-type)";"tourisme.process.operations";"Exploiter les sites, l’hébergement et les équipements";"Un manque de personnel saisonnier dégrade le service en haute saison";"A seasonal staffing shortage degrades service in peak season";"Personalmangel in der Hochsaison beeinträchtigt den Service";"La falta de personal estacional degrada el servicio en temporada alta";"La carenza di personale stagionale peggiora il servizio in alta stagione";"";"";"";""
"tourisme.control.pci-scope";"1.10";"TOURISME";"Contrôle-type";"tourisme.process.payments";"Encaisser et gérer les moyens de paiement";"Revue du périmètre et de la sécurité de l’environnement de données de cartes";"Review of scope and security of the cardholder-data environment";"Überprüfung von Umfang und Sicherheit der Karteninhaberdaten-Umgebung";"Revisión del perímetro y de la seguridad del entorno de datos de tarjetas";"Revisione del perimetro e della sicurezza dell’ambiente dei dati delle carte";"périodicité ANNUEL ; type DETECTIF";"";"";""
"tourisme.control.card-storage";"1.10";"TOURISME";"Contrôle-type";"tourisme.process.payments";"Encaisser et gérer les moyens de paiement";"Vérification de l’absence de conservation de données de carte sur les postes et dans les courriels";"Check that card data is not kept on workstations or in emails";"Prüfung, dass keine Kartendaten auf Arbeitsplätzen oder in E-Mails gespeichert sind";"Verificación de que no se conservan datos de tarjetas en puestos ni en correos";"Verifica che non siano conservati dati di carte su postazioni o e-mail";"périodicité TRIMESTRIEL ; type DETECTIF";"";"";""
"tourisme.control.terminal-inspection";"1.10";"TOURISME";"Contrôle-type";"tourisme.process.payments";"Encaisser et gérer les moyens de paiement";"Inspection des terminaux de paiement (altération, remplacement)";"Inspection of payment terminals (tampering, substitution)";"Inspektion der Zahlungsterminals (Manipulation, Austausch)";"Inspección de los terminales de pago (manipulación, sustitución)";"Ispezione dei terminali di pagamento (manomissione, sostituzione)";"périodicité MENSUEL ; type DETECTIF";"";"";""
"tourisme.control.chargebacks";"1.10";"TOURISME";"Contrôle-type";"tourisme.process.payments";"Encaisser et gérer les moyens de paiement";"Revue des litiges et impayés de paiement par carte";"Review of card-payment disputes and chargebacks";"Überprüfung von Kartenzahlungsstreitigkeiten und Rückbelastungen";"Revisión de los litigios e impagos de pagos con tarjeta";"Revisione dei contenziosi e degli insoluti dei pagamenti con carta";"périodicité MENSUEL ; type DETECTIF";"";"";""
"tourisme.control.booking-anomalies";"1.10";"TOURISME";"Contrôle-type";"tourisme.process.booking";"Gérer les réservations et la distribution";"Revue des réservations anormales (volume, pays, moyen de paiement)";"Review of abnormal bookings (volume, country, payment method)";"Überprüfung auffälliger Buchungen (Volumen, Land, Zahlungsmittel)";"Revisión de reservas anómalas (volumen, país, medio de pago)";"Revisione delle prenotazioni anomale (volume, paese, mezzo di pagamento)";"périodicité MENSUEL ; type DETECTIF";"";"";""
"tourisme.control.extranet-accounts";"1.10";"TOURISME";"Contrôle-type";"tourisme.process.booking";"Gérer les réservations et la distribution";"Revue des comptes et de l’authentification renforcée des extranets de réservation";"Review of accounts and strong authentication on booking extranets";"Überprüfung der Konten und der starken Authentifizierung der Buchungs-Extranets";"Revisión de las cuentas y de la autenticación reforzada de los extranets de reserva";"Revisione degli account e dell’autenticazione forte degli extranet di prenotazione";"périodicité TRIMESTRIEL ; type DETECTIF";"";"";""
"tourisme.control.channel-sync";"1.10";"TOURISME";"Contrôle-type";"tourisme.process.booking";"Gérer les réservations et la distribution";"Contrôle par échantillon de la synchronisation des disponibilités entre canaux";"Sample check of availability synchronisation across channels";"Stichprobenprüfung der Synchronisierung der Verfügbarkeiten zwischen Kanälen";"Control por muestreo de la sincronización de disponibilidades entre canales";"Controllo a campione della sincronizzazione delle disponibilità tra canali";"périodicité MENSUEL ; type DETECTIF";"";"";""
"tourisme.control.pms-downtime-drill";"1.10";"TOURISME";"Contrôle-type";"tourisme.process.booking";"Gérer les réservations et la distribution";"Exercice de fonctionnement en mode dégradé de l’accueil (sans système)";"Exercise of reception in fallback mode (without system)";"Übung zum Empfangsbetrieb im Notbetrieb (ohne System)";"Ejercicio de funcionamiento de recepción en modo degradado (sin sistema)";"Esercitazione di funzionamento della reception in modalità degradata (senza sistema)";"périodicité ANNUEL ; type PREVENTIF";"";"";""
"tourisme.control.guest-data-access";"1.10";"TOURISME";"Contrôle-type";"tourisme.process.guest";"Accueillir les clients et gérer leur séjour";"Revue des accès aux fiches clients et aux pièces d’identité";"Review of access to guest records and ID documents";"Überprüfung der Zugriffe auf Gästeakten und Ausweisdokumente";"Revisión de los accesos a fichas de clientes y documentos de identidad";"Revisione degli accessi alle schede ospiti e ai documenti di identità";"périodicité TRIMESTRIEL ; type DETECTIF";"";"";""
"tourisme.control.guest-data-retention";"1.10";"TOURISME";"Contrôle-type";"tourisme.process.guest";"Accueillir les clients et gérer leur séjour";"Contrôle de la purge des fiches clients et des pièces d’identité après la durée utile";"Check of purging of guest records and ID documents after the useful period";"Prüfung der Löschung von Gästeakten und Ausweisdokumenten nach Ablauf der Nutzungsdauer";"Control de la eliminación de fichas de clientes y documentos de identidad tras el plazo útil";"Controllo dell’eliminazione di schede ospiti e documenti di identità dopo il periodo utile";"périodicité SEMESTRIEL ; type DETECTIF";"";"";""
"tourisme.control.review-handling";"1.10";"TOURISME";"Contrôle-type";"tourisme.process.guest";"Accueillir les clients et gérer leur séjour";"Suivi des avis clients négatifs et des demandes de suppression";"Follow-up of negative guest reviews and removal requests";"Nachverfolgung negativer Gästebewertungen und Löschverlangen";"Seguimiento de las reseñas negativas y de las solicitudes de eliminación";"Monitoraggio delle recensioni negative e delle richieste di rimozione";"périodicité MENSUEL ; type DETECTIF";"";"";""
"tourisme.control.temperature-logs";"1.10";"TOURISME";"Contrôle-type";"tourisme.process.food";"Préparer et servir la restauration";"Revue des relevés de température et du plan de nettoyage en cuisine";"Review of kitchen temperature logs and cleaning plan";"Überprüfung der Temperaturaufzeichnungen und des Reinigungsplans in der Küche";"Revisión de los registros de temperatura y del plan de limpieza de cocina";"Revisione dei registri di temperatura e del piano di pulizia in cucina";"périodicité MENSUEL ; type DETECTIF";"";"";""
"tourisme.control.allergen-info";"1.10";"TOURISME";"Contrôle-type";"tourisme.process.food";"Préparer et servir la restauration";"Vérification de l’information sur les allergènes (cartes, menus, personnel)";"Check of allergen information (menus, labels, staff)";"Prüfung der Allergeninformation (Karten, Menüs, Personal)";"Verificación de la información sobre alérgenos (cartas, menús, personal)";"Verifica dell’informazione sugli allergeni (menu, etichette, personale)";"périodicité TRIMESTRIEL ; type PREVENTIF";"";"";""
"tourisme.control.supplier-traceability";"1.10";"TOURISME";"Contrôle-type";"tourisme.process.food";"Préparer et servir la restauration";"Contrôle par échantillon de la traçabilité des denrées reçues";"Sample check of traceability of goods received";"Stichprobenprüfung der Rückverfolgbarkeit angelieferter Lebensmittel";"Control por muestreo de la trazabilidad de los alimentos recibidos";"Controllo a campione della tracciabilità degli alimenti ricevuti";"périodicité MENSUEL ; type DETECTIF";"";"";""
"tourisme.control.fire-safety-checks";"1.10";"TOURISME";"Contrôle-type";"tourisme.process.operations";"Exploiter les sites, l’hébergement et les équipements";"Suivi des contrôles de sécurité incendie et des exercices d’évacuation";"Follow-up of fire-safety checks and evacuation drills";"Nachverfolgung der Brandschutzprüfungen und Evakuierungsübungen";"Seguimiento de las revisiones de seguridad contra incendios y de los simulacros de evacuación";"Monitoraggio dei controlli antincendio e delle esercitazioni di evacuazione";"périodicité TRIMESTRIEL ; type PREVENTIF";"";"";""
"tourisme.control.activity-safety";"1.10";"TOURISME";"Contrôle-type";"tourisme.process.operations";"Exploiter les sites, l’hébergement et les équipements";"Vérification des équipements et encadrants des activités à risque";"Check of equipment and supervisors of risky activities";"Prüfung von Ausrüstung und Aufsichtspersonen bei Risikoaktivitäten";"Verificación de los equipos y monitores de las actividades de riesgo";"Verifica delle attrezzature e degli accompagnatori delle attività a rischio";"périodicité TRIMESTRIEL ; type PREVENTIF";"";"";""
"tourisme.control.key-system-audit";"1.10";"TOURISME";"Contrôle-type";"tourisme.process.operations";"Exploiter les sites, l’hébergement et les équipements";"Revue des droits et journaux du système de clés et d’accès";"Review of rights and logs of the key and access system";"Überprüfung von Rechten und Protokollen des Schlüssel- und Zutrittssystems";"Revisión de los derechos y registros del sistema de llaves y acceso";"Revisione dei diritti e dei log del sistema di chiavi e accessi";"périodicité TRIMESTRIEL ; type DETECTIF";"";"";""
"tourisme.control.provider-solvency";"1.10";"TOURISME";"Contrôle-type";"tourisme.process.travel-packages";"Concevoir et exécuter les voyages et prestations avec des partenaires";"Suivi de la situation des prestataires et compagnies engagés sur les voyages vendus";"Follow-up of providers and carriers committed to trips sold";"Beobachtung der Lage von Leistungsträgern und Fluggesellschaften zu verkauften Reisen";"Seguimiento de la situación de los proveedores y compañías comprometidos con los viajes vendidos";"Monitoraggio della situazione di fornitori e vettori impegnati nei viaggi venduti";"périodicité TRIMESTRIEL ; type DETECTIF";"";"";""
"tourisme.control.financial-guarantee";"1.10";"TOURISME";"Contrôle-type";"tourisme.process.travel-packages";"Concevoir et exécuter les voyages et prestations avec des partenaires";"Vérification de la garantie financière et de l’assurance de responsabilité de l’opérateur";"Check of the operator’s financial guarantee and liability insurance";"Prüfung der finanziellen Absicherung und Haftpflichtversicherung des Veranstalters";"Verificación de la garantía financiera y del seguro de responsabilidad del operador";"Verifica della garanzia finanziaria e dell’assicurazione di responsabilità dell’operatore";"périodicité ANNUEL ; type PREVENTIF";"";"";""
"tourisme.control.traveller-information";"1.10";"TOURISME";"Contrôle-type";"tourisme.process.travel-packages";"Concevoir et exécuter les voyages et prestations avec des partenaires";"Contrôle par échantillon de l’information précontractuelle remise aux voyageurs";"Sample check of pre-contract information given to travellers";"Stichprobenprüfung der vorvertraglichen Informationen an Reisende";"Control por muestreo de la información precontractual entregada a los viajeros";"Controllo a campione delle informazioni precontrattuali fornite ai viaggiatori";"périodicité SEMESTRIEL ; type PREVENTIF";"";"";""
"tourisme.control.season-staffing";"1.10";"TOURISME";"Contrôle-type";"tourisme.process.operations";"Exploiter les sites, l’hébergement et les équipements";"Revue du plan de recrutement et de formation du personnel saisonnier";"Review of the seasonal staff recruitment and training plan";"Überprüfung des Rekrutierungs- und Schulungsplans für Saisonpersonal";"Revisión del plan de contratación y formación del personal estacional";"Revisione del piano di assunzione e formazione del personale stagionale";"périodicité ANNUEL ; type PREVENTIF";"";"";""
"tourisme.kri.chargeback-rate";"1.10";"TOURISME";"KRI candidat";"tourisme.process.payments";"Encaisser et gérer les moyens de paiement";"Taux de litiges et rétrofacturations de paiements";"Payment dispute and chargeback rate";"Quote von Zahlungsstreitigkeiten und Rückbelastungen";"Tasa de litigios y contracargos de pagos";"Tasso di contenziosi e storni dei pagamenti";"périodicité MENSUEL ; unité % ; dégradation à la hausse";"";"";""
"tourisme.kri.suspicious-bookings";"1.10";"TOURISME";"KRI candidat";"tourisme.process.booking";"Gérer les réservations et la distribution";"Réservations signalées comme suspectes";"Bookings flagged as suspicious";"Als verdächtig gemeldete Buchungen";"Reservas señaladas como sospechosas";"Prenotazioni segnalate come sospette";"périodicité MENSUEL ; unité nombre ; dégradation à la hausse";"";"";""
"tourisme.kri.overbookings";"1.10";"TOURISME";"KRI candidat";"tourisme.process.booking";"Gérer les réservations et la distribution";"Clients relogés ou compensés pour surréservation";"Guests relocated or compensated for overbooking";"Wegen Überbuchung umquartierte oder entschädigte Gäste";"Clientes reubicados o compensados por sobrerreserva";"Ospiti ricollocati o risarciti per overbooking";"périodicité MENSUEL ; unité nombre ; dégradation à la hausse";"";"";""
"tourisme.kri.system-downtime";"1.10";"TOURISME";"KRI candidat";"tourisme.process.booking";"Gérer les réservations et la distribution";"Durée d’indisponibilité du système de réservation ou de gestion";"Downtime of the booking or management system";"Ausfallzeit des Buchungs- oder Verwaltungssystems";"Tiempo de indisponibilidad del sistema de reservas o gestión";"Tempo di indisponibilità del sistema di prenotazione o gestione";"périodicité MENSUEL ; unité minutes ; dégradation à la hausse";"";"";""
"tourisme.kri.guest-complaints";"1.10";"TOURISME";"KRI candidat";"tourisme.process.guest";"Accueillir les clients et gérer leur séjour";"Réclamations clients reçues";"Guest complaints received";"Eingegangene Gästebeschwerden";"Reclamaciones de clientes recibidas";"Reclami degli ospiti ricevuti";"périodicité MENSUEL ; unité nombre ; dégradation à la hausse";"";"";""
"tourisme.kri.food-incidents";"1.10";"TOURISME";"KRI candidat";"tourisme.process.food";"Préparer et servir la restauration";"Incidents sanitaires ou allergènes signalés";"Reported hygiene or allergen incidents";"Gemeldete Hygiene- oder Allergenvorfälle";"Incidentes sanitarios o de alérgenos notificados";"Incidenti igienico-sanitari o di allergeni segnalati";"périodicité MENSUEL ; unité nombre ; dégradation à la hausse";"";"";""
"tourisme.kri.safety-checks-overdue";"1.10";"TOURISME";"KRI candidat";"tourisme.process.operations";"Exploiter les sites, l’hébergement et les équipements";"Contrôles de sécurité des sites échus";"Overdue site safety checks";"Überfällige Sicherheitsprüfungen der Standorte";"Controles de seguridad de los sitios vencidos";"Controlli di sicurezza dei siti scaduti";"périodicité MENSUEL ; unité nombre ; dégradation à la hausse";"";"";""
"tourisme.kri.trips-at-risk";"1.10";"TOURISME";"KRI candidat";"tourisme.process.travel-packages";"Concevoir et exécuter les voyages et prestations avec des partenaires";"Voyages vendus dépendant d’un prestataire jugé fragile";"Trips sold relying on a provider judged fragile";"Verkaufte Reisen mit Abhängigkeit von einem als fragil eingestuften Leistungsträger";"Viajes vendidos que dependen de un proveedor considerado frágil";"Viaggi venduti dipendenti da un fornitore ritenuto fragile";"périodicité TRIMESTRIEL ; unité nombre ; dégradation à la hausse";"";"";""
"tourisme.audit.payment-security";"1.10";"TOURISME";"Mission d’audit type";"tourisme.process.payments";"Encaisser et gérer les moyens de paiement";"Audit de la sécurité des paiements par carte";"Audit of card-payment security";"Audit der Sicherheit von Kartenzahlungen";"Auditoría de la seguridad de los pagos con tarjeta";"Audit della sicurezza dei pagamenti con carta";"";"Le périmètre de données de cartes est cartographié et réduit | Les terminaux et applications de paiement sont inventoriés et contrôlés | Les prestataires de paiement attestent de leur conformité | Les fraudes et litiges sont analysés et traités";"";""
"tourisme.audit.booking-continuity";"1.10";"TOURISME";"Mission d’audit type";"tourisme.process.booking";"Gérer les réservations et la distribution";"Audit de la continuité des réservations et de l’accueil";"Audit of booking and reception continuity";"Audit der Kontinuität von Buchung und Empfang";"Auditoría de la continuidad de reservas y recepción";"Audit della continuità di prenotazioni e accoglienza";"";"Les systèmes critiques de réservation et de gestion sont identifiés avec leurs secours | Un mode dégradé papier ou autonome est prévu et connu du personnel | La synchronisation des canaux est contrôlée | Les sauvegardes sont testées";"";""
"tourisme.audit.food-hygiene";"1.10";"TOURISME";"Mission d’audit type";"tourisme.process.food";"Préparer et servir la restauration";"Audit de l’hygiène et de la sécurité alimentaire";"Audit of hygiene and food safety";"Audit von Hygiene und Lebensmittelsicherheit";"Auditoría de la higiene y seguridad alimentaria";"Audit di igiene e sicurezza alimentare";"";"Un plan de maîtrise sanitaire est appliqué et enregistré | Les allergènes sont identifiés et l’information est fiable | La traçabilité des denrées est assurée | Le personnel est formé aux règles d’hygiène";"";""
"tourisme.audit.traveller-protection";"1.10";"TOURISME";"Mission d’audit type";"tourisme.process.travel-packages";"Concevoir et exécuter les voyages et prestations avec des partenaires";"Audit de la protection des voyageurs et des prestataires";"Audit of traveller protection and provider management";"Audit des Reiseschutzes und der Leistungsträgersteuerung";"Auditoría de la protección de los viajeros y de la gestión de proveedores";"Audit della tutela dei viaggiatori e della gestione dei fornitori";"";"Les garanties financières et assurances exigées sont en vigueur | Les prestataires critiques sont évalués et surveillés | L’information précontractuelle des voyageurs est complète | Un dispositif d’assistance et de rapatriement est prévu";"";""
"associations.process.governance";"1.10";"ASSOCIATIONS";"Processus";"";"";"Assurer la gouvernance, les assemblées et la tenue des registres";"Ensure governance, general meetings and record keeping";"Governance, Versammlungen und Registerführung sicherstellen";"Asegurar la gobernanza, las asambleas y la llevanza de registros";"Assicurare la governance, le assemblee e la tenuta dei registri";"";"";"";""
"associations.process.funding";"1.10";"ASSOCIATIONS";"Processus";"";"";"Obtenir et justifier les subventions et financements";"Obtain and justify grants and funding";"Zuschüsse und Finanzierungen einwerben und nachweisen";"Obtener y justificar las subvenciones y financiaciones";"Ottenere e rendicontare sovvenzioni e finanziamenti";"";"";"";""
"associations.process.donations";"1.10";"ASSOCIATIONS";"Processus";"";"";"Collecter les dons et cotisations, délivrer les reçus";"Collect donations and membership fees, issue receipts";"Spenden und Beiträge einziehen, Bescheinigungen ausstellen";"Recaudar donaciones y cuotas, expedir los recibos";"Raccogliere donazioni e quote, rilasciare le ricevute";"";"";"";""
"associations.process.members";"1.10";"ASSOCIATIONS";"Processus";"";"";"Gérer les adhérents, bénéficiaires et données associées";"Manage members, beneficiaries and related data";"Mitglieder, Begünstigte und zugehörige Daten verwalten";"Gestionar los socios, los beneficiarios y sus datos";"Gestire soci, beneficiari e dati associati";"";"";"";""
"associations.process.volunteers";"1.10";"ASSOCIATIONS";"Processus";"";"";"Recruter, encadrer et protéger les bénévoles et salariés";"Recruit, supervise and protect volunteers and employees";"Ehrenamtliche und Beschäftigte gewinnen, anleiten und schützen";"Reclutar, coordinar y proteger a voluntarios y empleados";"Reclutare, coordinare e proteggere volontari e dipendenti";"";"";"";""
"associations.process.activities";"1.10";"ASSOCIATIONS";"Processus";"";"";"Organiser les activités, événements et accueils de publics";"Run activities, events and public reception";"Aktivitäten, Veranstaltungen und Publikumsempfang durchführen";"Organizar las actividades, eventos y acogida de públicos";"Organizzare attività, eventi e accoglienza del pubblico";"";"";"";""
"associations.risk.treasurer-fraud";"1.10";"ASSOCIATIONS";"Risque (événement-type)";"associations.process.governance";"Assurer la gouvernance, les assemblées et la tenue des registres";"Des fonds sont détournés par un dirigeant, un trésorier ou un salarié";"Funds are misappropriated by an officer, treasurer or employee";"Gelder werden von einem Vorstandsmitglied, Kassenwart oder Beschäftigten veruntreut";"Un directivo, tesorero o empleado desvía fondos";"Dei fondi vengono sottratti da un dirigente, tesoriere o dipendente";"";"";"";""
"associations.risk.payment-diversion";"1.10";"ASSOCIATIONS";"Risque (événement-type)";"associations.process.donations";"Collecter les dons et cotisations, délivrer les reçus";"Un paiement est détourné après usurpation de l’identité d’un dirigeant ou d’un fournisseur";"A payment is diverted after impersonation of an officer or supplier";"Eine Zahlung wird nach Identitätsmissbrauch eines Vorstands oder Lieferanten umgeleitet";"Un pago se desvía tras suplantar la identidad de un directivo o proveedor";"Un pagamento viene dirottato dopo il furto d’identità di un dirigente o fornitore";"";"";"";""
"associations.risk.grant-misuse";"1.10";"ASSOCIATIONS";"Risque (événement-type)";"associations.process.funding";"Obtenir et justifier les subventions et financements";"Une subvention est utilisée hors de son objet ou insuffisamment justifiée";"A grant is used outside its purpose or insufficiently justified";"Ein Zuschuss wird zweckfremd verwendet oder unzureichend nachgewiesen";"Una subvención se usa fuera de su objeto o se justifica insuficientemente";"Una sovvenzione viene utilizzata fuori dal suo scopo o rendicontata in modo insufficiente";"";"";"";""
"associations.risk.funder-dependence";"1.10";"ASSOCIATIONS";"Risque (événement-type)";"associations.process.funding";"Obtenir et justifier les subventions et financements";"La perte d’un financeur principal met en péril l’activité";"Losing a main funder jeopardises operations";"Der Verlust eines Hauptfinanziers gefährdet den Betrieb";"La pérdida de un financiador principal pone en peligro la actividad";"La perdita di un finanziatore principale mette a rischio l’attività";"";"";"";""
"associations.risk.donor-data";"1.10";"ASSOCIATIONS";"Risque (événement-type)";"associations.process.members";"Gérer les adhérents, bénéficiaires et données associées";"Des données de donateurs, d’adhérents ou de bénéficiaires vulnérables sont divulguées";"Data of donors, members or vulnerable beneficiaries is disclosed";"Daten von Spendern, Mitgliedern oder schutzbedürftigen Begünstigten werden offengelegt";"Se divulgan datos de donantes, socios o beneficiarios vulnerables";"Vengono divulgati dati di donatori, soci o beneficiari vulnerabili";"";"";"";""
"associations.risk.sensitive-data";"1.10";"ASSOCIATIONS";"Risque (événement-type)";"associations.process.members";"Gérer les adhérents, bénéficiaires et données associées";"Des données sensibles révélant opinions, santé ou situation sociale sont exposées";"Sensitive data revealing opinions, health or social situation is exposed";"Sensible Daten zu Überzeugungen, Gesundheit oder sozialer Lage werden offengelegt";"Se exponen datos sensibles que revelan opiniones, salud o situación social";"Vengono esposti dati sensibili che rivelano opinioni, salute o situazione sociale";"";"";"";""
"associations.risk.ransomware";"1.10";"ASSOCIATIONS";"Risque (événement-type)";"associations.process.governance";"Assurer la gouvernance, les assemblées et la tenue des registres";"Un rançongiciel bloque les fichiers et le logiciel de gestion de l’association";"Ransomware locks the files and management software of the organisation";"Ransomware sperrt die Dateien und die Verwaltungssoftware der Organisation";"Un ransomware bloquea los archivos y el software de gestión de la asociación";"Un ransomware blocca i file e il software gestionale dell’associazione";"";"";"";""
"associations.risk.volunteer-harm";"1.10";"ASSOCIATIONS";"Risque (événement-type)";"associations.process.volunteers";"Recruter, encadrer et protéger les bénévoles et salariés";"Un bénévole ou un bénéficiaire subit un préjudice lors d’une activité (accident, comportement inapproprié)";"A volunteer or beneficiary suffers harm during an activity (accident, inappropriate behaviour)";"Ein Ehrenamtlicher oder Begünstigter kommt bei einer Aktivität zu Schaden (Unfall, unangemessenes Verhalten)";"Un voluntario o beneficiario sufre un daño durante una actividad (accidente, conducta inadecuada)";"Un volontario o beneficiario subisce un danno durante un’attività (infortunio, comportamento inappropriato)";"";"";"";""
"associations.risk.key-volunteer";"1.10";"ASSOCIATIONS";"Risque (événement-type)";"associations.process.volunteers";"Recruter, encadrer et protéger les bénévoles et salariés";"Le départ d’un bénévole clé fait perdre l’accès aux comptes et aux savoir-faire";"A key volunteer’s departure causes loss of account access and know-how";"Der Weggang eines Schlüsselehrenamtlichen führt zum Verlust von Kontozugängen und Know-how";"La salida de un voluntario clave hace perder el acceso a cuentas y conocimientos";"La partenza di un volontario chiave fa perdere l’accesso agli account e il know-how";"";"";"";""
"associations.risk.event-incident";"1.10";"ASSOCIATIONS";"Risque (événement-type)";"associations.process.activities";"Organiser les activités, événements et accueils de publics";"Un événement accueillant du public se déroule sans cadre de sécurité adapté";"An event with public attendance runs without a suitable safety framework";"Eine Veranstaltung mit Publikum findet ohne angemessenes Sicherheitskonzept statt";"Un evento con público se celebra sin un marco de seguridad adecuado";"Un evento con pubblico si svolge senza un quadro di sicurezza adeguato";"";"";"";""
"associations.risk.tax-receipts";"1.10";"ASSOCIATIONS";"Risque (événement-type)";"associations.process.donations";"Collecter les dons et cotisations, délivrer les reçus";"Des reçus fiscaux sont délivrés à tort ou sans justification suffisante";"Tax receipts are issued wrongly or without sufficient justification";"Spendenbescheinigungen werden zu Unrecht oder ohne ausreichende Begründung ausgestellt";"Se expiden recibos fiscales indebidamente o sin justificación suficiente";"Ricevute fiscali vengono rilasciate a torto o senza giustificazione sufficiente";"";"";"";""
"associations.risk.governance-failure";"1.10";"ASSOCIATIONS";"Risque (événement-type)";"associations.process.governance";"Assurer la gouvernance, les assemblées et la tenue des registres";"Les obligations statutaires (assemblées, comptes, déclarations) ne sont pas respectées";"Statutory obligations (meetings, accounts, filings) are not met";"Satzungs- und gesetzliche Pflichten (Versammlungen, Abschlüsse, Meldungen) werden nicht erfüllt";"No se cumplen las obligaciones estatutarias (asambleas, cuentas, declaraciones)";"Gli obblighi statutari (assemblee, bilanci, dichiarazioni) non sono rispettati";"";"";"";""
"associations.control.dual-signature";"1.10";"ASSOCIATIONS";"Contrôle-type";"associations.process.governance";"Assurer la gouvernance, les assemblées et la tenue des registres";"Contrôle de la double signature ou validation des paiements au-dessus d’un seuil";"Check of dual signature or approval of payments above a threshold";"Prüfung der Zwei-Unterschriften-Regel oder Freigabe von Zahlungen über einer Schwelle";"Control de la doble firma o validación de pagos por encima de un umbral";"Controllo della doppia firma o autorizzazione dei pagamenti oltre una soglia";"périodicité MENSUEL ; type PREVENTIF";"";"";""
"associations.control.bank-reconciliation";"1.10";"ASSOCIATIONS";"Contrôle-type";"associations.process.governance";"Assurer la gouvernance, les assemblées et la tenue des registres";"Rapprochement bancaire mensuel revu par une personne distincte du trésorier";"Monthly bank reconciliation reviewed by someone other than the treasurer";"Monatlicher Bankabgleich, geprüft von einer vom Kassenwart verschiedenen Person";"Conciliación bancaria mensual revisada por una persona distinta del tesorero";"Riconciliazione bancaria mensile rivista da una persona diversa dal tesoriere";"périodicité MENSUEL ; type DETECTIF";"";"";""
"associations.control.bank-detail-callback";"1.10";"ASSOCIATIONS";"Contrôle-type";"associations.process.donations";"Collecter les dons et cotisations, délivrer les reçus";"Rappel de vérification avant tout changement de coordonnées bancaires ou paiement inhabituel";"Call-back verification before any bank-detail change or unusual payment";"Rückruf-Verifizierung vor jeder Änderung von Bankverbindungen oder ungewöhnlicher Zahlung";"Verificación telefónica antes de cualquier cambio de datos bancarios o pago inusual";"Richiamata di verifica prima di ogni modifica di coordinate bancarie o pagamento insolito";"périodicité MENSUEL ; type PREVENTIF";"";"";""
"associations.control.cash-handling";"1.10";"ASSOCIATIONS";"Contrôle-type";"associations.process.donations";"Collecter les dons et cotisations, délivrer les reçus";"Contrôle par échantillon de la gestion des espèces et des quêtes";"Sample check of cash and collection handling";"Stichprobenprüfung der Handhabung von Bargeld und Sammlungen";"Control por muestreo de la gestión de efectivo y colectas";"Controllo a campione della gestione dei contanti e delle raccolte";"périodicité TRIMESTRIEL ; type DETECTIF";"";"";""
"associations.control.receipt-register";"1.10";"ASSOCIATIONS";"Contrôle-type";"associations.process.donations";"Collecter les dons et cotisations, délivrer les reçus";"Rapprochement des reçus fiscaux émis avec les dons encaissés";"Reconciliation of tax receipts issued with donations received";"Abgleich ausgestellter Spendenbescheinigungen mit eingegangenen Spenden";"Conciliación de los recibos fiscales emitidos con las donaciones cobradas";"Riconciliazione delle ricevute fiscali emesse con le donazioni incassate";"périodicité TRIMESTRIEL ; type DETECTIF";"";"";""
"associations.control.membership-register";"1.10";"ASSOCIATIONS";"Contrôle-type";"associations.process.members";"Gérer les adhérents, bénéficiaires et données associées";"Rapprochement du registre des adhérents avec les cotisations encaissées";"Reconciliation of the member register with membership fees received";"Abgleich des Mitgliederverzeichnisses mit den eingegangenen Beiträgen";"Conciliación del registro de socios con las cuotas cobradas";"Riconciliazione del registro dei soci con le quote incassate";"périodicité SEMESTRIEL ; type DETECTIF";"";"";""
"associations.control.grant-expenses";"1.10";"ASSOCIATIONS";"Contrôle-type";"associations.process.funding";"Obtenir et justifier les subventions et financements";"Revue de la correspondance entre dépenses engagées et objet de la subvention";"Review of match between expenses incurred and grant purpose";"Überprüfung der Übereinstimmung von Ausgaben mit dem Zuschusszweck";"Revisión de la correspondencia entre gastos y objeto de la subvención";"Revisione della corrispondenza tra spese sostenute e scopo della sovvenzione";"périodicité TRIMESTRIEL ; type DETECTIF";"";"";""
"associations.control.grant-reports";"1.10";"ASSOCIATIONS";"Contrôle-type";"associations.process.funding";"Obtenir et justifier les subventions et financements";"Suivi du calendrier des comptes rendus financiers dus aux financeurs";"Follow-up of the schedule of financial reports due to funders";"Überwachung des Terminplans der gegenüber Geldgebern fälligen Verwendungsnachweise";"Seguimiento del calendario de los informes financieros debidos a los financiadores";"Monitoraggio del calendario delle rendicontazioni finanziarie dovute ai finanziatori";"périodicité MENSUEL ; type PREVENTIF";"";"";""
"associations.control.funding-mix";"1.10";"ASSOCIATIONS";"Contrôle-type";"associations.process.funding";"Obtenir et justifier les subventions et financements";"Revue de la répartition des financements et de la dépendance aux principaux financeurs";"Review of funding mix and reliance on main funders";"Überprüfung der Finanzierungsstruktur und der Abhängigkeit von Hauptgeldgebern";"Revisión de la distribución de financiaciones y de la dependencia de los principales financiadores";"Revisione della ripartizione dei finanziamenti e della dipendenza dai principali finanziatori";"périodicité SEMESTRIEL ; type DETECTIF";"";"";""
"associations.control.republican-commitment";"1.10";"ASSOCIATIONS";"Contrôle-type";"associations.process.funding";"Obtenir et justifier les subventions et financements";"Vérification de la prise en compte du contrat d’engagement républicain dans les subventions reçues";"Check that the republican commitment contract is taken into account for grants received";"Prüfung der Berücksichtigung des Republikanischen Engagementvertrags bei erhaltenen Zuschüssen";"Verificación de la consideración del contrato de compromiso republicano en las subvenciones recibidas";"Verifica del rispetto del contratto di impegno repubblicano nelle sovvenzioni ricevute";"périodicité ANNUEL ; type PREVENTIF";"";"";""
"associations.control.member-data-access";"1.10";"ASSOCIATIONS";"Contrôle-type";"associations.process.members";"Gérer les adhérents, bénéficiaires et données associées";"Revue des accès aux fichiers d’adhérents, donateurs et bénéficiaires";"Review of access to member, donor and beneficiary files";"Überprüfung der Zugriffe auf Mitglieder-, Spender- und Begünstigtendateien";"Revisión de los accesos a ficheros de socios, donantes y beneficiarios";"Revisione degli accessi ai file di soci, donatori e beneficiari";"périodicité TRIMESTRIEL ; type DETECTIF";"";"";""
"associations.control.data-retention";"1.10";"ASSOCIATIONS";"Contrôle-type";"associations.process.members";"Gérer les adhérents, bénéficiaires et données associées";"Contrôle de la purge des données d’anciens adhérents et bénéficiaires";"Check of purging of former members’ and beneficiaries’ data";"Prüfung der Löschung von Daten ehemaliger Mitglieder und Begünstigter";"Control de la eliminación de datos de antiguos socios y beneficiarios";"Controllo dell’eliminazione dei dati di ex soci e beneficiari";"périodicité ANNUEL ; type DETECTIF";"";"";""
"associations.control.shared-tools";"1.10";"ASSOCIATIONS";"Contrôle-type";"associations.process.members";"Gérer les adhérents, bénéficiaires et données associées";"Revue des outils partagés (tableurs, messageries, stockage) et de leurs partages publics";"Review of shared tools (spreadsheets, messaging, storage) and their public sharing";"Überprüfung gemeinsam genutzter Werkzeuge (Tabellen, Messenger, Speicher) und öffentlicher Freigaben";"Revisión de las herramientas compartidas (hojas de cálculo, mensajería, almacenamiento) y de sus enlaces públicos";"Revisione degli strumenti condivisi (fogli di calcolo, messaggistica, archiviazione) e delle loro condivisioni pubbliche";"périodicité TRIMESTRIEL ; type DETECTIF";"";"";""
"associations.control.backup-test";"1.10";"ASSOCIATIONS";"Contrôle-type";"associations.process.governance";"Assurer la gouvernance, les assemblées et la tenue des registres";"Test de restauration des sauvegardes de la base adhérents et de la comptabilité";"Restoration test of member database and accounting backups";"Wiederherstellungstest der Sicherungen von Mitgliederdatenbank und Buchhaltung";"Prueba de restauración de las copias de la base de socios y de la contabilidad";"Test di ripristino dei backup del database soci e della contabilità";"périodicité SEMESTRIEL ; type DETECTIF";"";"";""
"associations.control.account-handover";"1.10";"ASSOCIATIONS";"Contrôle-type";"associations.process.volunteers";"Recruter, encadrer et protéger les bénévoles et salariés";"Vérification de la remise des accès et des mots de passe lors du départ d’un responsable";"Check of handover of access and passwords when an officer leaves";"Prüfung der Übergabe von Zugängen und Passwörtern beim Ausscheiden einer verantwortlichen Person";"Verificación del traspaso de accesos y contraseñas cuando sale un responsable";"Verifica della consegna di accessi e password quando un responsabile lascia";"périodicité TRIMESTRIEL ; type PREVENTIF";"";"";""
"associations.control.mfa-admin";"1.10";"ASSOCIATIONS";"Contrôle-type";"associations.process.governance";"Assurer la gouvernance, les assemblées et la tenue des registres";"Vérification de l’authentification renforcée des comptes de banque, de messagerie et de gestion";"Check of strong authentication on bank, email and management accounts";"Prüfung der starken Authentifizierung der Bank-, E-Mail- und Verwaltungskonten";"Verificación de la autenticación reforzada de las cuentas bancarias, de correo y de gestión";"Verifica dell’autenticazione forte degli account bancari, di posta e gestionali";"périodicité TRIMESTRIEL ; type DETECTIF";"";"";""
"associations.control.volunteer-screening";"1.10";"ASSOCIATIONS";"Contrôle-type";"associations.process.volunteers";"Recruter, encadrer et protéger les bénévoles et salariés";"Vérification de l’accueil, de l’information et du contrôle des bénévoles intervenant auprès de publics fragiles";"Check of onboarding, information and screening of volunteers working with vulnerable groups";"Prüfung von Einarbeitung, Information und Überprüfung von Ehrenamtlichen mit schutzbedürftigen Gruppen";"Verificación de la acogida, información y control de los voluntarios que intervienen con públicos frágiles";"Verifica dell’accoglienza, dell’informazione e dei controlli sui volontari che operano con pubblici fragili";"périodicité ANNUEL ; type PREVENTIF";"";"";""
"associations.control.insurance-cover";"1.10";"ASSOCIATIONS";"Contrôle-type";"associations.process.activities";"Organiser les activités, événements et accueils de publics";"Revue de la couverture d’assurance (activités, bénévoles, événements)";"Review of insurance cover (activities, volunteers, events)";"Überprüfung des Versicherungsschutzes (Aktivitäten, Ehrenamtliche, Veranstaltungen)";"Revisión de la cobertura de seguros (actividades, voluntarios, eventos)";"Revisione della copertura assicurativa (attività, volontari, eventi)";"périodicité ANNUEL ; type PREVENTIF";"";"";""
"associations.control.event-safety-plan";"1.10";"ASSOCIATIONS";"Contrôle-type";"associations.process.activities";"Organiser les activités, événements et accueils de publics";"Vérification de la préparation sécurité avant chaque événement accueillant du public";"Check of safety preparation before each event with public attendance";"Prüfung der Sicherheitsvorbereitung vor jeder Veranstaltung mit Publikum";"Verificación de la preparación de seguridad antes de cada evento con público";"Verifica della preparazione di sicurezza prima di ogni evento con pubblico";"périodicité TRIMESTRIEL ; type PREVENTIF";"";"";""
"associations.control.statutory-calendar";"1.10";"ASSOCIATIONS";"Contrôle-type";"associations.process.governance";"Assurer la gouvernance, les assemblées et la tenue des registres";"Suivi du calendrier statutaire (assemblées, approbation des comptes, déclarations)";"Follow-up of the statutory calendar (meetings, approval of accounts, filings)";"Überwachung des Satzungskalenders (Versammlungen, Genehmigung der Abschlüsse, Meldungen)";"Seguimiento del calendario estatutario (asambleas, aprobación de cuentas, declaraciones)";"Monitoraggio del calendario statutario (assemblee, approvazione dei bilanci, dichiarazioni)";"périodicité TRIMESTRIEL ; type PREVENTIF";"";"";""
"associations.kri.unreconciled-items";"1.10";"ASSOCIATIONS";"KRI candidat";"associations.process.governance";"Assurer la gouvernance, les assemblées et la tenue des registres";"Opérations bancaires non rapprochées depuis plus d’un mois";"Bank transactions unreconciled for over a month";"Seit über einem Monat nicht abgestimmte Bankbuchungen";"Operaciones bancarias sin conciliar desde hace más de un mes";"Operazioni bancarie non riconciliate da oltre un mese";"périodicité MENSUEL ; unité nombre ; dégradation à la hausse";"";"";""
"associations.kri.single-signatory";"1.10";"ASSOCIATIONS";"KRI candidat";"associations.process.governance";"Assurer la gouvernance, les assemblées et la tenue des registres";"Paiements effectués par une seule personne au-dessus du seuil fixé";"Payments made by a single person above the set threshold";"Von einer einzigen Person über dem festgelegten Schwellenwert ausgeführte Zahlungen";"Pagos realizados por una sola persona por encima del umbral fijado";"Pagamenti effettuati da una sola persona oltre la soglia fissata";"périodicité MENSUEL ; unité nombre ; dégradation à la hausse";"";"";""
"associations.kri.top-funder-share";"1.10";"ASSOCIATIONS";"KRI candidat";"associations.process.funding";"Obtenir et justifier les subventions et financements";"Part du principal financeur dans les ressources";"Share of the main funder in total resources";"Anteil des Hauptgeldgebers an den Gesamtmitteln";"Peso del principal financiador en los recursos";"Quota del principale finanziatore sulle risorse";"périodicité SEMESTRIEL ; unité % ; dégradation à la hausse";"";"";""
"associations.kri.reports-overdue";"1.10";"ASSOCIATIONS";"KRI candidat";"associations.process.funding";"Obtenir et justifier les subventions et financements";"Comptes rendus de financeurs en retard";"Funder reports overdue";"Überfällige Verwendungsnachweise an Geldgeber";"Informes a financiadores atrasados";"Rendicontazioni ai finanziatori in ritardo";"périodicité MENSUEL ; unité nombre ; dégradation à la hausse";"";"";""
"associations.kri.donation-reconciliation";"1.10";"ASSOCIATIONS";"KRI candidat";"associations.process.donations";"Collecter les dons et cotisations, délivrer les reçus";"Dons sans reçu fiscal rapproché";"Donations without a reconciled tax receipt";"Spenden ohne abgeglichene Spendenbescheinigung";"Donaciones sin recibo fiscal conciliado";"Donazioni senza ricevuta fiscale riconciliata";"périodicité TRIMESTRIEL ; unité nombre ; dégradation à la hausse";"";"";""
"associations.kri.data-requests";"1.10";"ASSOCIATIONS";"KRI candidat";"associations.process.members";"Gérer les adhérents, bénéficiaires et données associées";"Demandes d’exercice de droits sur des données traitées hors délai";"Data-rights requests handled late";"Verspätet bearbeitete Betroffenenanfragen";"Solicitudes de ejercicio de derechos tramitadas fuera de plazo";"Richieste di esercizio dei diritti gestite in ritardo";"périodicité MENSUEL ; unité nombre ; dégradation à la hausse";"";"";""
"associations.kri.volunteer-turnover";"1.10";"ASSOCIATIONS";"KRI candidat";"associations.process.volunteers";"Recruter, encadrer et protéger les bénévoles et salariés";"Départs de bénévoles clés sans transmission formalisée";"Key volunteers leaving without formal handover";"Weggänge von Schlüsselehrenamtlichen ohne formelle Übergabe";"Salidas de voluntarios clave sin traspaso formalizado";"Uscite di volontari chiave senza passaggio di consegne formalizzato";"périodicité TRIMESTRIEL ; unité nombre ; dégradation à la hausse";"";"";""
"associations.kri.statutory-delay";"1.10";"ASSOCIATIONS";"KRI candidat";"associations.process.governance";"Assurer la gouvernance, les assemblées et la tenue des registres";"Retard des obligations statutaires (jours après la date prévue)";"Delay in statutory obligations (days after the due date)";"Verzug bei satzungsmäßigen Pflichten (Tage nach dem Fälligkeitstermin)";"Retraso de las obligaciones estatutarias (días tras la fecha prevista)";"Ritardo degli obblighi statutari (giorni dopo la data prevista)";"périodicité TRIMESTRIEL ; unité jours ; dégradation à la hausse";"";"";""
"associations.audit.financial-control";"1.10";"ASSOCIATIONS";"Mission d’audit type";"associations.process.governance";"Assurer la gouvernance, les assemblées et la tenue des registres";"Audit du contrôle financier et de la gestion des fonds";"Audit of financial control and fund management";"Audit der Finanzkontrolle und Mittelverwaltung";"Auditoría del control financiero y de la gestión de fondos";"Audit del controllo finanziario e della gestione dei fondi";"";"Les pouvoirs bancaires sont définis et à jour | Les paiements importants sont validés par deux personnes | Les rapprochements sont revus par une personne indépendante du trésorier | Le conseil d’administration reçoit un suivi financier régulier";"";""
"associations.audit.funding-compliance";"1.10";"ASSOCIATIONS";"Mission d’audit type";"associations.process.funding";"Obtenir et justifier les subventions et financements";"Audit de la gestion et de la justification des subventions";"Audit of grant management and justification";"Audit der Zuschussverwaltung und -nachweise";"Auditoría de la gestión y justificación de subvenciones";"Audit della gestione e della rendicontazione delle sovvenzioni";"";"Les conventions de financement sont suivies avec leurs conditions et échéances | Les dépenses imputées sont éligibles et justifiées | Les comptes rendus sont remis dans les délais | La dépendance aux financeurs est suivie et un plan est prévu en cas de perte";"";""
"associations.audit.member-data";"1.10";"ASSOCIATIONS";"Mission d’audit type";"associations.process.members";"Gérer les adhérents, bénéficiaires et données associées";"Audit de la protection des données des adhérents, donateurs et bénéficiaires";"Audit of member, donor and beneficiary data protection";"Audit des Datenschutzes für Mitglieder, Spender und Begünstigte";"Auditoría de la protección de datos de socios, donantes y beneficiarios";"Audit della protezione dei dati di soci, donatori e beneficiari";"";"Les données collectées sont limitées à ce qui est nécessaire | Les accès sont limités par rôle et les outils partagés maîtrisés | Les données sensibles bénéficient d’une protection renforcée | Les sous-traitants (hébergeur, logiciel de gestion) sont encadrés par contrat";"";""
"associations.audit.volunteers-activities";"1.10";"ASSOCIATIONS";"Mission d’audit type";"associations.process.volunteers";"Recruter, encadrer et protéger les bénévoles et salariés";"Audit de l’encadrement des bénévoles et des activités";"Audit of volunteer supervision and activities";"Audit der Betreuung Ehrenamtlicher und der Aktivitäten";"Auditoría de la coordinación de voluntarios y de las actividades";"Audit del coordinamento dei volontari e delle attività";"";"Les rôles et responsabilités des bénévoles sont définis | Les intervenants auprès de publics fragiles sont informés et contrôlés | Les assurances couvrent les activités et événements | Les accès et savoir-faire critiques sont transmis lors des départs";"";""
